业务日期,总销售,会员销售,到店销售,总订单数,活跃会员数,新增会员数,触达后关联订单数,触达后关联销售,会员销售占比,到店销售额占比,触达后关联销售占比,归因窗口天数,归因规则,数据快照日期
2026-03-19,1108324.69,584069.66,681008.76,12967,5857,593,584,40931.17,0.526984,0.614449,0.036931,7,下单前最近一次有效触达；每订单唯一,2026-06-24
2026-03-02,1176004.59,600177.01,702541.94,12852,5457,1185,655,51843.67,0.510353,0.597397,0.044085,7,下单前最近一次有效触达；每订单唯一,2026-06-24
2026-03-18,1176556.13,654833.6,745468.28,12937,5956,588,737,60994.12,0.556568,0.633602,0.051841,7,下单前最近一次有效触达；每订单唯一,2026-06-24
2026-03-26,1165381.38,674364.4,708133.62,13087,6232,503,824,70074.27,0.578664,0.607641,0.06013,7,下单前最近一次有效触达；每订单唯一,2026-06-24
2026-02-21,1322602.91,673527.34,797586.29,14891,6005,3549,1027,91217.06,0.509244,0.603043,0.068968,7,下单前最近一次有效触达；每订单唯一,2026-06-24
2026-04-03,1191781.25,697647.92,721969.09,13025,6418,451,977,73303.93,0.585383,0.60579,0.061508,7,下单前最近一次有效触达；每订单唯一,2026-06-24
2026-04-07,1190564.89,691371.08,741703.09,13129,6493,409,1063,83381.71,0.580708,0.622984,0.070035,7,下单前最近一次有效触达；每订单唯一,2026-06-24
2026-05-14,1234379.43,832544.05,744117.94,13647,7629,294,1187,97702.03,0.674464,0.602828,0.079151,7,下单前最近一次有效触达；每订单唯一,2026-06-24
2026-02-25,1154070.89,588763.43,720212.26,12910,5360,1727,581,49600.47,0.510162,0.624062,0.042979,7,下单前最近一次有效触达；每订单唯一,2026-06-24
2026-05-11,1204886.63,804351.71,716302.47,13432,7493,315,685,61446.35,0.667575,0.594498,0.050998,7,下单前最近一次有效触达；每订单唯一,2026-06-24
2026-04-06,1185265.12,690079.13,710040.33,13102,6415,374,747,55413.09,0.582215,0.599056,0.046752,7,下单前最近一次有效触达；每订单唯一,2026-06-24
2026-03-08,1334502.76,716228.3,843298.08,14939,6510,974,941,72711.6,0.536701,0.631919,0.054486,7,下单前最近一次有效触达；每订单唯一,2026-06-24
2026-04-28,1202871.45,768061.8,739737.98,13492,7199,378,931,75532.52,0.638524,0.614977,0.062794,7,下单前最近一次有效触达；每订单唯一,2026-06-24
2026-02-20,1518604.03,754636.27,933367.59,16844,6582,5097,1263,108744.18,0.496928,0.614622,0.071608,7,下单前最近一次有效触达；每订单唯一,2026-06-24
2026-04-17,1180051.27,726593.17,716662.61,13283,6773,367,1076,95590.99,0.61573,0.607315,0.081006,7,下单前最近一次有效触达；每订单唯一,2026-06-24
2026-04-16,1191686.57,725782.38,728459.61,13264,6819,380,1154,85017.28,0.609038,0.611285,0.071342,7,下单前最近一次有效触达；每订单唯一,2026-06-24
2026-04-30,1245260.36,782640.71,768167.74,13388,7141,319,602,48434.75,0.628496,0.616873,0.038895,7,下单前最近一次有效触达；每订单唯一,2026-06-24
2026-05-05,1561309.82,1004148.93,962512.46,17622,9179,423,899,72482.8,0.643145,0.616478,0.046424,7,下单前最近一次有效触达；每订单唯一,2026-06-24
2026-03-22,1312822.26,725687.55,794518.72,14961,6792,607,853,71482.17,0.552769,0.605199,0.054449,7,下单前最近一次有效触达；每订单唯一,2026-06-24
2026-03-16,1161489.23,635454.75,724167.44,13057,5914,606,823,73210.2,0.547103,0.623482,0.063031,7,下单前最近一次有效触达；每订单唯一,2026-06-24
2026-04-29,1159864.12,746843.46,710747.36,13370,7164,337,923,65658.55,0.643906,0.612785,0.056609,7,下单前最近一次有效触达；每订单唯一,2026-06-24
2026-03-27,1150833.61,649428.55,700161.68,13027,6145,460,977,74658.42,0.564311,0.608395,0.064873,7,下单前最近一次有效触达；每订单唯一,2026-06-24
2026-02-19,1136489.65,568169.72,704435.06,12764,5291,5284,1034,83780.05,0.499934,0.619834,0.073718,7,下单前最近一次有效触达；每订单唯一,2026-06-24
2026-04-04,1353161.54,811665.33,831788.56,15203,7410,527,1323,112456.24,0.599829,0.6147,0.083106,7,下单前最近一次有效触达；每订单唯一,2026-06-24
2026-04-14,1231102.69,730027.11,734483.17,13384,6736,361,602,55373.87,0.592986,0.596606,0.044979,7,下单前最近一次有效触达；每订单唯一,2026-06-24
2026-03-13,1121439.74,603741.49,686637.12,12976,5817,682,662,46914.48,0.538363,0.612282,0.041834,7,下单前最近一次有效触达；每订单唯一,2026-06-24
2026-05-09,1385148.39,928364.39,854589.37,15515,8362,355,884,68267.33,0.670227,0.616966,0.049285,7,下单前最近一次有效触达；每订单唯一,2026-06-24
2026-03-23,1154800.83,629840.79,698719.94,13011,6090,551,820,66229.53,0.545411,0.605057,0.057351,7,下单前最近一次有效触达；每订单唯一,2026-06-24
2026-04-05,1726029.78,1044942.02,1051827.06,19900,9149,594,1373,113728.45,0.605402,0.609391,0.06589,7,下单前最近一次有效触达；每订单唯一,2026-06-24
2026-04-10,1169622,698557.39,715760.2,13139,6572,382,985,87683.82,0.597251,0.611959,0.074968,7,下单前最近一次有效触达；每订单唯一,2026-06-24
2026-04-19,1382808.19,845993.95,834067.05,15417,7701,392,1249,91862.52,0.611794,0.603169,0.066432,7,下单前最近一次有效触达；每订单唯一,2026-06-24
2026-03-15,1341487.94,737110.04,844697.4,14969,6723,802,1302,100930.19,0.549472,0.629672,0.075237,7,下单前最近一次有效触达；每订单唯一,2026-06-24
2026-04-12,1392515.35,863575.55,848472.92,15379,7583,440,692,57018.97,0.620155,0.60931,0.040947,7,下单前最近一次有效触达；每订单唯一,2026-06-24
2026-02-22,1329692.92,654083.92,823830.86,14887,5937,2813,759,64742.48,0.491906,0.619565,0.04869,7,下单前最近一次有效触达；每订单唯一,2026-06-24
2026-03-05,1472374.28,745071.27,909508.7,16901,7002,1211,963,83894.23,0.506034,0.617716,0.056979,7,下单前最近一次有效触达；每订单唯一,2026-06-24
2026-03-24,1177679.5,666179.19,726517.78,13089,6174,536,825,60867.92,0.565671,0.616906,0.051685,7,下单前最近一次有效触达；每订单唯一,2026-06-24
2026-05-04,1226418.54,761364.04,750547.52,13345,7200,357,921,73214.29,0.620803,0.611983,0.059698,7,下单前最近一次有效触达；每订单唯一,2026-06-24
2026-03-29,1322691.1,755471.36,819989.1,15148,7077,570,1136,90265.72,0.571162,0.61994,0.068244,7,下单前最近一次有效触达；每订单唯一,2026-06-24
2026-03-04,1104524.69,597010.68,670836.28,12782,5574,1038,1035,85412.28,0.540514,0.607353,0.077329,7,下单前最近一次有效触达；每订单唯一,2026-06-24
2026-03-09,1116909.57,592841.59,678981.49,12837,5627,780,1117,97186.88,0.530787,0.607911,0.087014,7,下单前最近一次有效触达；每订单唯一,2026-06-24
2026-03-11,1135991.32,605154.67,700500.53,12782,5677,750,575,41904.23,0.532711,0.616643,0.036888,7,下单前最近一次有效触达；每订单唯一,2026-06-24
2026-03-31,1203848.29,715909.7,748683,13119,6360,476,669,53102.29,0.594684,0.621908,0.04411,7,下单前最近一次有效触达；每订单唯一,2026-06-24
2026-04-25,1355828.53,878107.8,823396.1,15346,7875,391,875,70349.18,0.647654,0.607301,0.051886,7,下单前最近一次有效触达；每订单唯一,2026-06-24
2026-03-17,1149049.05,637327.77,706599.72,13079,5916,594,824,69134.47,0.554657,0.614943,0.060167,7,下单前最近一次有效触达；每订单唯一,2026-06-24
2026-05-16,1460051.63,987471.67,872227.07,15583,8588,360,1075,100722.29,0.676327,0.597395,0.068985,7,下单前最近一次有效触达；每订单唯一,2026-06-24
2026-02-23,1143141.43,593700.01,712568.3,12864,5262,2106,965,70317.77,0.519358,0.623342,0.061513,7,下单前最近一次有效触达；每订单唯一,2026-06-24
2026-02-24,1120612.73,547589.95,674228.95,12884,5272,1922,1044,78545.52,0.488652,0.601661,0.070092,7,下单前最近一次有效触达；每订单唯一,2026-06-24
2026-04-22,1196729.27,742957.2,756453.61,13321,6892,333,1159,94751.02,0.620823,0.632101,0.079175,7,下单前最近一次有效触达；每订单唯一,2026-06-24
2026-03-25,1177412.81,666799.25,711724,13065,6076,488,588,50605.77,0.566326,0.604481,0.04298,7,下单前最近一次有效触达；每订单唯一,2026-06-24
2026-05-15,1190545.98,781528.83,741400.65,13441,7561,307,685,60674.35,0.656446,0.62274,0.050963,7,下单前最近一次有效触达；每订单唯一,2026-06-24
2026-04-21,1178316.93,725255.09,728649.24,13251,7000,351,755,55052.15,0.615501,0.618381,0.046721,7,下单前最近一次有效触达；每订单唯一,2026-06-24
2026-04-23,1193360.13,731167.25,721350.2,13445,7001,304,847,65029.47,0.612696,0.60447,0.054493,7,下单前最近一次有效触达；每订单唯一,2026-06-24
2026-03-21,1335259.49,764434.52,837860.7,15082,6871,684,1041,83868.5,0.572499,0.627489,0.062811,7,下单前最近一次有效触达；每订单唯一,2026-06-24
2026-03-28,1339844.11,759862.13,847369.23,15101,7008,552,1133,96002.35,0.567127,0.632439,0.071652,7,下单前最近一次有效触达；每订单唯一,2026-06-24
2026-04-01,1180078.55,689895.42,722898.84,12983,6300,429,1052,95620.63,0.584618,0.612585,0.081029,7,下单前最近一次有效触达；每订单唯一,2026-06-24
2026-04-26,1456011.14,906023.59,889094.49,15490,7981,393,1348,103900.35,0.622264,0.610637,0.07136,7,下单前最近一次有效触达；每订单唯一,2026-06-24
2026-05-08,1265150.37,845871.43,771068.23,13639,7501,321,614,49265.64,0.668594,0.609468,0.038941,7,下单前最近一次有效触达；每订单唯一,2026-06-24
2026-03-01,1293162.11,653406.31,812791.31,14970,6223,1452,763,59978.71,0.505278,0.62853,0.046381,7,下单前最近一次有效触达；每订单唯一,2026-06-24
2026-05-01,1214014.2,751708.14,751674.29,13447,7106,299,766,66043.56,0.619192,0.619164,0.054401,7,下单前最近一次有效触达；每订单唯一,2026-06-24
2026-05-20,1657263.54,1133439.55,1048619.9,17937,9876,388,1130,104404.74,0.683922,0.632742,0.062998,7,下单前最近一次有效触达；每订单唯一,2026-06-24
2026-03-07,1336727.45,711058.05,825574.39,14979,6383,1019,1034,75664.9,0.531939,0.617609,0.056605,7,下单前最近一次有效触达；每订单唯一,2026-06-24
2026-03-06,1144530.64,596913.36,697562.33,12749,5472,841,956,74237.84,0.521536,0.609475,0.064863,7,下单前最近一次有效触达；每订单唯一,2026-06-24
2026-05-17,1426803.48,958542.38,886830.21,15752,8659,329,1276,105176.94,0.671811,0.62155,0.073715,7,下单前最近一次有效触达；每订单唯一,2026-06-24
2026-03-12,1125006.06,614469.6,689560.77,12943,5752,737,1126,93467.73,0.546192,0.61294,0.083082,7,下单前最近一次有效触达；每订单唯一,2026-06-24
2026-04-09,1151083.97,687821.43,712947.52,13205,6545,375,594,51779.17,0.597542,0.619371,0.044983,7,下单前最近一次有效触达；每订单唯一,2026-06-24
2026-05-10,1446470.19,954179.97,878984.35,15677,8462,366,800,60527.17,0.659661,0.607675,0.041845,7,下单前最近一次有效触达；每订单唯一,2026-06-24
2026-05-18,1230874.74,824387.17,734065.84,13704,7743,290,781,60678.33,0.669757,0.596377,0.049297,7,下单前最近一次有效触达；每订单唯一,2026-06-24
2026-04-24,1218570.93,784630.44,736243.79,13377,6903,342,843,69881.31,0.643894,0.604186,0.057347,7,下单前最近一次有效触达；每订单唯一,2026-06-24
2026-03-14,1321508.46,728166.24,819438.24,14920,6647,757,1029,87040.2,0.551011,0.620078,0.065864,7,下单前最近一次有效触达；每订单唯一,2026-06-24
2026-02-27,1132509.38,576285.03,712801.6,12850,5438,1435,964,84960.24,0.508857,0.6294,0.075019,7,下单前最近一次有效触达；每订单唯一,2026-06-24
2026-03-30,1203794.61,687093.76,749238.33,13112,6269,433,1062,79950.62,0.570773,0.622397,0.066415,7,下单前最近一次有效触达；每订单唯一,2026-06-24
2026-04-13,1177008.53,719429.38,734586.44,13228,6686,383,1151,88588.4,0.611235,0.624113,0.075266,7,下单前最近一次有效触达；每订单唯一,2026-06-24
2026-03-03,1154237.82,561532.26,694754.67,12984,5444,1031,584,47243.39,0.486496,0.601916,0.04093,7,下单前最近一次有效触达；每订单唯一,2026-06-24
2026-04-08,1200504.6,730358.74,723344.28,13138,6513,437,670,58467.26,0.608376,0.602534,0.048702,7,下单前最近一次有效触达；每订单唯一,2026-06-24
2026-05-06,1235076.04,826411.85,761687.2,13485,7421,301,769,70431.85,0.669118,0.616713,0.057026,7,下单前最近一次有效触达；每订单唯一,2026-06-24
2026-05-07,1223239.9,814906.12,737771.28,13468,7379,306,848,63156.53,0.666187,0.603129,0.051631,7,下单前最近一次有效触达；每订单唯一,2026-06-24
2026-02-28,1317153.71,671230.21,806854.05,14792,6060,1459,1021,78641.43,0.509607,0.612574,0.059706,7,下单前最近一次有效触达；每订单唯一,2026-06-24
2026-04-02,1229758.99,721080.26,742016.7,13166,6475,473,987,83892.8,0.586359,0.603384,0.068219,7,下单前最近一次有效触达；每订单唯一,2026-06-24
2026-03-10,1149260.68,625130.79,712240.77,12881,5721,795,1043,88870.3,0.543942,0.619738,0.077328,7,下单前最近一次有效触达；每订单唯一,2026-06-24
2026-05-02,1366620.81,872230.36,835262.96,15474,8231,399,1346,118874.99,0.638239,0.611189,0.086985,7,下单前最近一次有效触达；每订单唯一,2026-06-24
2026-05-03,1391763.26,895860.03,854078.1,15534,8177,393,699,51353.86,0.643687,0.613666,0.036898,7,下单前最近一次有效触达；每订单唯一,2026-06-24
2026-05-13,1224886.55,827055.23,753281.25,13593,7495,313,693,54016.93,0.67521,0.61498,0.0441,7,下单前最近一次有效触达；每订单唯一,2026-06-24
2026-04-11,1382762.34,834157.27,858254.06,15213,7530,447,867,71712.22,0.603254,0.620681,0.051862,7,下单前最近一次有效触达；每订单唯一,2026-06-24
2026-04-18,1408357.68,865450.3,879904.74,15313,7633,400,965,84758.52,0.61451,0.624774,0.060183,7,下单前最近一次有效触达；每订单唯一,2026-06-24
2026-05-12,1205364.11,812603.29,751020.9,13399,7439,312,925,83212.31,0.674156,0.623066,0.069035,7,下单前最近一次有效触达；每订单唯一,2026-06-24
2026-03-20,1517877.19,836950.64,926708.76,17083,7704,748,1281,93333.05,0.551395,0.610529,0.061489,7,下单前最近一次有效触达；每订单唯一,2026-06-24
2026-04-15,1183359.28,719985.11,716698.87,13350,6769,344,1081,82885.23,0.608425,0.605648,0.070042,7,下单前最近一次有效触达；每订单唯一,2026-06-24
2026-04-20,1563657.4,962373.03,966957.6,17363,8533,445,1511,123829.09,0.615463,0.618395,0.079192,7,下单前最近一次有效触达；每订单唯一,2026-06-24
2026-04-27,1174574.23,737159.09,722179.17,13461,7084,341,606,50498.58,0.627597,0.614843,0.042993,7,下单前最近一次有效触达；每订单唯一,2026-06-24
2026-05-19,1216597.95,815070.67,731671.42,13605,7714,306,694,62059.46,0.669959,0.601408,0.051011,7,下单前最近一次有效触达；每订单唯一,2026-06-24
2026-02-26,1123591.35,582828.29,685373.37,12796,5371,1604,729,52489.87,0.518719,0.609985,0.046716,7,下单前最近一次有效触达；每订单唯一,2026-06-24
