券模板ID,券名称,券类型,优惠形式,发放日期,发放数,核销数,核销率,已核销优惠成本,核销订单GMV,核销订单数,核销GMV成本比,增量GMV,增量ROI,增量测算状态,订单归因规则,数据快照日期
CT0015,新店开业 8 折,门店专享,折扣,2026-04-19,465,137,0.294624,2834.13,3520,110,1.242004,,,未接入对照组；核销订单GMV不等于增量GMV,券实例订单ID直连；多券同单只归一次,2026-06-24
CT0009,免费小食券,赠品,免费,2026-03-07,458,105,0.229258,1825.8,3000.8,88,1.643554,,,未接入对照组；核销订单GMV不等于增量GMV,券实例订单ID直连；多券同单只归一次,2026-06-24
CT0002,满 30 减 10,通用,满减,2026-03-17,415,115,0.277108,2625.02,3620,100,1.379037,,,未接入对照组；核销订单GMV不等于增量GMV,券实例订单ID直连；多券同单只归一次,2026-06-24
CT0029,小程序首单立减,拉新,满减,2026-03-05,424,97,0.228774,2182.09,3370.4,88,1.544574,,,未接入对照组；核销订单GMV不等于增量GMV,券实例订单ID直连；多券同单只归一次,2026-06-24
CT0016,新品体验 5 折,新品,折扣,2026-04-07,456,120,0.263158,1910.6,4565.2,113,2.389406,,,未接入对照组；核销订单GMV不等于增量GMV,券实例订单ID直连；多券同单只归一次,2026-06-24
CT0023,第二件 1 元,通用,满减,2026-04-29,398,82,0.20603,1531.78,2805,66,1.831203,,,未接入对照组；核销订单GMV不等于增量GMV,券实例订单ID直连；多券同单只归一次,2026-06-24
CT0011,黑卡尊享 6 折,黑卡专享,折扣,2026-03-04,424,107,0.252358,2156.64,3969.4,89,1.840548,,,未接入对照组；核销订单GMV不等于增量GMV,券实例订单ID直连；多券同单只归一次,2026-06-24
CT0001,新人首单 9.9 元拿铁,新人专享,满减,2026-03-21,443,97,0.218962,2657.09,3922.8,84,1.476352,,,未接入对照组；核销订单GMV不等于增量GMV,券实例订单ID直连；多券同单只归一次,2026-06-24
CT0020,社群红包,私域,满减,2026-04-10,426,109,0.255869,3116.77,4831.2,99,1.550066,,,未接入对照组；核销订单GMV不等于增量GMV,券实例订单ID直连；多券同单只归一次,2026-06-24
CT0007,会员日 7 折,会员日,折扣,2026-04-28,466,105,0.225322,2805.81,5039.1,99,1.795952,,,未接入对照组；核销订单GMV不等于增量GMV,券实例订单ID直连；多券同单只归一次,2026-06-24
CT0020,社群红包,私域,满减,2026-05-10,372,52,0.139785,1110.75,2226,42,2.004051,,,未接入对照组；核销订单GMV不等于增量GMV,券实例订单ID直连；多券同单只归一次,2026-06-24
CT0024,满 100 减 40,通用,满减,2026-03-26,423,105,0.248227,3207.32,4848.8,88,1.511792,,,未接入对照组；核销订单GMV不等于增量GMV,券实例订单ID直连；多券同单只归一次,2026-06-24
CT0027,拉新 5 元券,拉新,满减,2026-04-06,407,119,0.292383,3388.61,3328,104,0.982114,,,未接入对照组；核销订单GMV不等于增量GMV,券实例订单ID直连；多券同单只归一次,2026-06-24
CT0029,小程序首单立减,拉新,满减,2026-01-28,25,25,1,474.52,784.3,23,1.652828,,,未接入对照组；核销订单GMV不等于增量GMV,券实例订单ID直连；多券同单只归一次,2026-06-24
CT0016,新品体验 5 折,新品,折扣,2026-02-23,411,99,0.240876,2251.55,3366.6,93,1.495237,,,未接入对照组；核销订单GMV不等于增量GMV,券实例订单ID直连；多券同单只归一次,2026-06-24
CT0026,生日双倍积分,会员专享,折扣,2026-03-18,446,99,0.221973,2138.27,3025.7,79,1.415022,,,未接入对照组；核销订单GMV不等于增量GMV,券实例订单ID直连；多券同单只归一次,2026-06-24
CT0007,会员日 7 折,会员日,折扣,2026-03-15,415,100,0.240964,2467.67,3393.6,84,1.375224,,,未接入对照组；核销订单GMV不等于增量GMV,券实例订单ID直连；多券同单只归一次,2026-06-24
CT0023,第二件 1 元,通用,满减,2026-03-24,422,108,0.255924,2031.05,3995,94,1.966963,,,未接入对照组；核销订单GMV不等于增量GMV,券实例订单ID直连；多券同单只归一次,2026-06-24
CT0020,社群红包,私域,满减,2026-04-07,419,125,0.298329,2401.86,5039.8,113,2.09829,,,未接入对照组；核销订单GMV不等于增量GMV,券实例订单ID直连；多券同单只归一次,2026-06-24
CT0023,第二件 1 元,通用,满减,2026-04-06,431,102,0.236659,1893.59,4483.2,96,2.367566,,,未接入对照组；核销订单GMV不等于增量GMV,券实例订单ID直连；多券同单只归一次,2026-06-24
CT0029,小程序首单立减,拉新,满减,2026-05-10,374,48,0.128342,763.99,1854.4,38,2.427257,,,未接入对照组；核销订单GMV不等于增量GMV,券实例订单ID直连；多券同单只归一次,2026-06-24
CT0010,免费贝果券,赠品,免费,2026-02-19,410,110,0.268293,2056.04,4682.8,92,2.277582,,,未接入对照组；核销订单GMV不等于增量GMV,券实例订单ID直连；多券同单只归一次,2026-06-24
CT0021,早高峰 8 折,时段,折扣,2026-02-26,406,86,0.211823,1821.2,3975,75,2.182627,,,未接入对照组；核销订单GMV不等于增量GMV,券实例订单ID直连；多券同单只归一次,2026-06-24
CT0016,新品体验 5 折,新品,折扣,2026-02-28,454,97,0.213656,2713.01,4848.8,88,1.78724,,,未接入对照组；核销订单GMV不等于增量GMV,券实例订单ID直连；多券同单只归一次,2026-06-24
CT0013,拉新返券,拉新,满减,2026-03-25,464,115,0.247845,2036.03,3456,108,1.697421,,,未接入对照组；核销订单GMV不等于增量GMV,券实例订单ID直连；多券同单只归一次,2026-06-24
CT0015,新店开业 8 折,门店专享,折扣,2026-04-23,438,105,0.239726,2118.92,2864.4,84,1.351821,,,未接入对照组；核销订单GMV不等于增量GMV,券实例订单ID直连；多券同单只归一次,2026-06-24
CT0017,外卖满减 5 元,渠道,满减,2026-03-06,436,110,0.252294,2289.62,3330.4,92,1.454565,,,未接入对照组；核销订单GMV不等于增量GMV,券实例订单ID直连；多券同单只归一次,2026-06-24
CT0015,新店开业 8 折,门店专享,折扣,2026-04-01,467,110,0.235546,1864.08,3676.8,96,1.972448,,,未接入对照组；核销订单GMV不等于增量GMV,券实例订单ID直连；多券同单只归一次,2026-06-24
CT0030,节日满 50 减 20,节日,满减,2026-03-09,418,105,0.251196,2270.45,3838,95,1.690414,,,未接入对照组；核销订单GMV不等于增量GMV,券实例订单ID直连；多券同单只归一次,2026-06-24
CT0021,早高峰 8 折,时段,折扣,2026-02-27,431,102,0.236659,1866.75,4080,96,2.185617,,,未接入对照组；核销订单GMV不等于增量GMV,券实例订单ID直连；多券同单只归一次,2026-06-24
CT0007,会员日 7 折,会员日,折扣,2026-03-23,454,105,0.231278,1968.29,3746.4,84,1.903378,,,未接入对照组；核销订单GMV不等于增量GMV,券实例订单ID直连；多券同单只归一次,2026-06-24
CT0022,下午茶套餐,通用,折扣,2026-03-10,466,105,0.225322,3109.63,4109.6,88,1.321572,,,未接入对照组；核销订单GMV不等于增量GMV,券实例订单ID直连；多券同单只归一次,2026-06-24
CT0007,会员日 7 折,会员日,折扣,2026-04-24,459,114,0.248366,2551.85,4831.2,99,1.893215,,,未接入对照组；核销订单GMV不等于增量GMV,券实例订单ID直连；多券同单只归一次,2026-06-24
CT0012,金卡 8 折,金卡专享,折扣,2026-02-24,457,112,0.245077,2160.19,5140.9,101,2.379837,,,未接入对照组；核销订单GMV不等于增量GMV,券实例订单ID直连；多券同单只归一次,2026-06-24
CT0011,黑卡尊享 6 折,黑卡专享,折扣,2026-03-19,438,126,0.287671,2517.88,6254,118,2.483836,,,未接入对照组；核销订单GMV不等于增量GMV,券实例订单ID直连；多券同单只归一次,2026-06-24
CT0013,拉新返券,拉新,满减,2026-03-21,411,104,0.253041,1901.1,4573.3,83,2.405607,,,未接入对照组；核销订单GMV不等于增量GMV,券实例订单ID直连；多券同单只归一次,2026-06-24
CT0018,外卖免配送,渠道,赠品,2026-04-29,443,91,0.205418,2463.97,2432,76,0.987025,,,未接入对照组；核销订单GMV不等于增量GMV,券实例订单ID直连；多券同单只归一次,2026-06-24
CT0016,新品体验 5 折,新品,折扣,2026-02-08,62,62,1,1076.86,1841.4,54,1.709972,,,未接入对照组；核销订单GMV不等于增量GMV,券实例订单ID直连；多券同单只归一次,2026-06-24
CT0016,新品体验 5 折,新品,折扣,2026-02-17,95,95,1,2158.93,3113.2,86,1.442011,,,未接入对照组；核销订单GMV不等于增量GMV,券实例订单ID直连；多券同单只归一次,2026-06-24
CT0012,金卡 8 折,金卡专享,折扣,2026-02-27,427,94,0.220141,2860,3370.4,88,1.178462,,,未接入对照组；核销订单GMV不等于增量GMV,券实例订单ID直连；多券同单只归一次,2026-06-24
CT0026,生日双倍积分,会员专享,折扣,2026-03-16,453,103,0.227373,1594.07,3312.8,82,2.078202,,,未接入对照组；核销订单GMV不等于增量GMV,券实例订单ID直连；多券同单只归一次,2026-06-24
CT0018,外卖免配送,渠道,赠品,2026-03-26,421,104,0.247031,1941.34,3697.5,87,1.904612,,,未接入对照组；核销订单GMV不等于增量GMV,券实例订单ID直连；多券同单只归一次,2026-06-24
CT0016,新品体验 5 折,新品,折扣,2026-03-26,444,109,0.245495,3326.58,4237,95,1.27368,,,未接入对照组；核销订单GMV不等于增量GMV,券实例订单ID直连；多券同单只归一次,2026-06-24
CT0017,外卖满减 5 元,渠道,满减,2026-04-16,472,132,0.279661,3918.11,5557.3,119,1.418362,,,未接入对照组；核销订单GMV不等于增量GMV,券实例订单ID直连；多券同单只归一次,2026-06-24
CT0003,满 50 减 18,通用,满减,2026-03-04,427,92,0.215457,1742.05,4196.8,86,2.409116,,,未接入对照组；核销订单GMV不等于增量GMV,券实例订单ID直连；多券同单只归一次,2026-06-24
CT0019,企微专享 7 折,私域,折扣,2026-03-17,443,100,0.225734,1914.28,4072,80,2.127171,,,未接入对照组；核销订单GMV不等于增量GMV,券实例订单ID直连；多券同单只归一次,2026-06-24
CT0021,早高峰 8 折,时段,折扣,2026-03-14,374,91,0.243316,1935.95,4028,76,2.080632,,,未接入对照组；核销订单GMV不等于增量GMV,券实例订单ID直连；多券同单只归一次,2026-06-24
CT0017,外卖满减 5 元,渠道,满减,2026-03-27,453,114,0.251656,2195.87,5454.9,99,2.484163,,,未接入对照组；核销订单GMV不等于增量GMV,券实例订单ID直连；多券同单只归一次,2026-06-24
CT0001,新人首单 9.9 元拿铁,新人专享,满减,2026-03-26,428,117,0.273364,2848.01,3392,106,1.191007,,,未接入对照组；核销订单GMV不等于增量GMV,券实例订单ID直连；多券同单只归一次,2026-06-24
CT0028,App 首单立减,拉新,满减,2026-04-02,456,114,0.25,2123.82,3648.7,107,1.717989,,,未接入对照组；核销订单GMV不等于增量GMV,券实例订单ID直连；多券同单只归一次,2026-06-24
CT0012,金卡 8 折,金卡专享,折扣,2026-03-19,444,106,0.238739,2078.11,3077,85,1.480672,,,未接入对照组；核销订单GMV不等于增量GMV,券实例订单ID直连；多券同单只归一次,2026-06-24
CT0011,黑卡尊享 6 折,黑卡专享,折扣,2026-03-28,425,105,0.247059,1682.59,3370.4,88,2.003102,,,未接入对照组；核销订单GMV不等于增量GMV,券实例订单ID直连；多券同单只归一次,2026-06-24
CT0030,节日满 50 减 20,节日,满减,2026-02-14,92,92,1,1527.2,3232,80,2.116291,,,未接入对照组；核销订单GMV不等于增量GMV,券实例订单ID直连；多券同单只归一次,2026-06-24
CT0027,拉新 5 元券,拉新,满减,2026-03-27,450,105,0.233333,2324.22,4037.5,95,1.737142,,,未接入对照组；核销订单GMV不等于增量GMV,券实例订单ID直连；多券同单只归一次,2026-06-24
CT0001,新人首单 9.9 元拿铁,新人专享,满减,2026-04-05,467,102,0.218415,1660.83,4281.6,96,2.577988,,,未接入对照组；核销订单GMV不等于增量GMV,券实例订单ID直连；多券同单只归一次,2026-06-24
CT0016,新品体验 5 折,新品,折扣,2026-03-05,446,110,0.246637,1750.82,4109.6,88,2.347243,,,未接入对照组；核销订单GMV不等于增量GMV,券实例订单ID直连；多券同单只归一次,2026-06-24
CT0012,金卡 8 折,金卡专享,折扣,2026-02-25,424,116,0.273585,2218.43,4733.6,97,2.133761,,,未接入对照组；核销订单GMV不等于增量GMV,券实例订单ID直连；多券同单只归一次,2026-06-24
CT0030,节日满 50 减 20,节日,满减,2026-02-04,41,41,1,825.4,1832.4,36,2.220015,,,未接入对照组；核销订单GMV不等于增量GMV,券实例订单ID直连；多券同单只归一次,2026-06-24
CT0020,社群红包,私域,满减,2026-02-26,443,100,0.225734,2263.18,4770,90,2.107654,,,未接入对照组；核销订单GMV不等于增量GMV,券实例订单ID直连；多券同单只归一次,2026-06-24
CT0010,免费贝果券,赠品,免费,2026-01-24,20,20,1,328.96,1046.9,19,3.182454,,,未接入对照组；核销订单GMV不等于增量GMV,券实例订单ID直连；多券同单只归一次,2026-06-24
CT0003,满 50 减 18,通用,满减,2026-03-26,390,101,0.258974,1557.05,2592,81,1.664686,,,未接入对照组；核销订单GMV不等于增量GMV,券实例订单ID直连；多券同单只归一次,2026-06-24
CT0010,免费贝果券,赠品,免费,2026-01-25,13,13,1,143.1,375.1,11,2.621244,,,未接入对照组；核销订单GMV不等于增量GMV,券实例订单ID直连；多券同单只归一次,2026-06-24
CT0022,下午茶套餐,通用,折扣,2026-04-24,428,109,0.254673,2938.64,3439,95,1.170269,,,未接入对照组；核销订单GMV不等于增量GMV,券实例订单ID直连；多券同单只归一次,2026-06-24
CT0027,拉新 5 元券,拉新,满减,2026-02-02,54,54,1,1427.24,1876.7,49,1.314916,,,未接入对照组；核销订单GMV不等于增量GMV,券实例订单ID直连；多券同单只归一次,2026-06-24
CT0022,下午茶套餐,通用,折扣,2026-03-07,472,107,0.226695,2141.6,4080.4,101,1.905304,,,未接入对照组；核销订单GMV不等于增量GMV,券实例订单ID直连；多券同单只归一次,2026-06-24
CT0028,App 首单立减,拉新,满减,2026-05-02,367,55,0.149864,1077.75,1870,44,1.735096,,,未接入对照组；核销订单GMV不等于增量GMV,券实例订单ID直连；多券同单只归一次,2026-06-24
CT0007,会员日 7 折,会员日,折扣,2026-04-16,418,103,0.246411,1801.13,3835.6,86,2.129552,,,未接入对照组；核销订单GMV不等于增量GMV,券实例订单ID直连；多券同单只归一次,2026-06-24
CT0013,拉新返券,拉新,满减,2026-05-02,394,100,0.253807,2589.14,4062.9,87,1.569208,,,未接入对照组；核销订单GMV不等于增量GMV,券实例订单ID直连；多券同单只归一次,2026-06-24
CT0005,第二杯半价,通用,折扣,2026-04-28,411,77,0.187348,1646.67,3416,70,2.07449,,,未接入对照组；核销订单GMV不等于增量GMV,券实例订单ID直连；多券同单只归一次,2026-06-24
CT0016,新品体验 5 折,新品,折扣,2026-03-31,446,115,0.257848,2636.85,5497.2,108,2.08476,,,未接入对照组；核销订单GMV不等于增量GMV,券实例订单ID直连；多券同单只归一次,2026-06-24
CT0022,下午茶套餐,通用,折扣,2026-05-11,367,44,0.119891,1190.12,1855,35,1.558666,,,未接入对照组；核销订单GMV不等于增量GMV,券实例订单ID直连；多券同单只归一次,2026-06-24
CT0006,早鸟 8 折,时段,折扣,2026-05-10,352,43,0.122159,1156.93,1983.6,36,1.714538,,,未接入对照组；核销订单GMV不等于增量GMV,券实例订单ID直连；多券同单只归一次,2026-06-24
CT0029,小程序首单立减,拉新,满减,2026-02-13,87,87,1,2304.66,2432,76,1.055253,,,未接入对照组；核销订单GMV不等于增量GMV,券实例订单ID直连；多券同单只归一次,2026-06-24
CT0022,下午茶套餐,通用,折扣,2026-04-13,428,110,0.257009,2517.76,3410,100,1.354378,,,未接入对照组；核销订单GMV不等于增量GMV,券实例订单ID直连；多券同单只归一次,2026-06-24
CT0023,第二件 1 元,通用,满减,2026-01-27,22,22,1,413.24,760.2,21,1.839609,,,未接入对照组；核销订单GMV不等于增量GMV,券实例订单ID直连；多券同单只归一次,2026-06-24
CT0023,第二件 1 元,通用,满减,2026-02-15,101,101,1,2814.23,3102.3,81,1.102362,,,未接入对照组；核销订单GMV不等于增量GMV,券实例订单ID直连；多券同单只归一次,2026-06-24
CT0011,黑卡尊享 6 折,黑卡专享,折扣,2026-02-15,88,88,1,1594.66,2949.2,73,1.849422,,,未接入对照组；核销订单GMV不等于增量GMV,券实例订单ID直连；多券同单只归一次,2026-06-24
CT0029,小程序首单立减,拉新,满减,2026-03-09,444,114,0.256757,2465.8,4207.5,99,1.706343,,,未接入对照组；核销订单GMV不等于增量GMV,券实例订单ID直连；多券同单只归一次,2026-06-24
CT0024,满 100 减 40,通用,满减,2026-05-05,411,69,0.167883,1283.79,2765.2,62,2.153935,,,未接入对照组；核销订单GMV不等于增量GMV,券实例订单ID直连；多券同单只归一次,2026-06-24
CT0015,新店开业 8 折,门店专享,折扣,2026-02-01,41,41,1,964.33,1821.3,39,1.888669,,,未接入对照组；核销订单GMV不等于增量GMV,券实例订单ID直连；多券同单只归一次,2026-06-24
CT0008,生日 5 折券,会员专享,折扣,2026-04-28,434,95,0.218894,2278.23,3708.8,76,1.62793,,,未接入对照组；核销订单GMV不等于增量GMV,券实例订单ID直连；多券同单只归一次,2026-06-24
CT0028,App 首单立减,拉新,满减,2026-02-17,86,86,1,2252.49,3664.8,72,1.626999,,,未接入对照组；核销订单GMV不等于增量GMV,券实例订单ID直连；多券同单只归一次,2026-06-24
CT0006,早鸟 8 折,时段,折扣,2026-02-18,92,92,1,1456.25,4240,80,2.911588,,,未接入对照组；核销订单GMV不等于增量GMV,券实例订单ID直连；多券同单只归一次,2026-06-24
CT0008,生日 5 折券,会员专享,折扣,2026-02-27,408,99,0.242647,2348.43,4959,90,2.111624,,,未接入对照组；核销订单GMV不等于增量GMV,券实例订单ID直连；多券同单只归一次,2026-06-24
CT0012,金卡 8 折,金卡专享,折扣,2026-05-13,336,24,0.071429,290.49,736,23,2.53365,,,未接入对照组；核销订单GMV不等于增量GMV,券实例订单ID直连；多券同单只归一次,2026-06-24
CT0002,满 30 减 10,通用,满减,2026-05-04,393,70,0.178117,1849.79,1909.6,56,1.032333,,,未接入对照组；核销订单GMV不等于增量GMV,券实例订单ID直连；多券同单只归一次,2026-06-24
CT0028,App 首单立减,拉新,满减,2026-02-15,83,83,1,1810.32,2497.8,69,1.379756,,,未接入对照组；核销订单GMV不等于增量GMV,券实例订单ID直连；多券同单只归一次,2026-06-24
CT0022,下午茶套餐,通用,折扣,2026-03-23,427,111,0.259953,2129.83,3715.1,97,1.744318,,,未接入对照组；核销订单GMV不等于增量GMV,券实例订单ID直连；多券同单只归一次,2026-06-24
CT0009,免费小食券,赠品,免费,2026-02-10,64,64,1,979.04,2343.2,58,2.393365,,,未接入对照组；核销订单GMV不等于增量GMV,券实例订单ID直连；多券同单只归一次,2026-06-24
CT0022,下午茶套餐,通用,折扣,2026-04-28,423,96,0.22695,2746.58,3825,90,1.392641,,,未接入对照组；核销订单GMV不等于增量GMV,券实例订单ID直连；多券同单只归一次,2026-06-24
CT0006,早鸟 8 折,时段,折扣,2026-01-27,23,23,1,367.92,802.8,18,2.181996,,,未接入对照组；核销订单GMV不等于增量GMV,券实例订单ID直连；多券同单只归一次,2026-06-24
CT0024,满 100 减 40,通用,满减,2026-03-07,402,105,0.261194,2194.5,4109.6,88,1.872682,,,未接入对照组；核销订单GMV不等于增量GMV,券实例订单ID直连；多券同单只归一次,2026-06-24
CT0003,满 50 减 18,通用,满减,2026-04-20,480,115,0.239583,2109.22,4880,100,2.313651,,,未接入对照组；核销订单GMV不等于增量GMV,券实例订单ID直连；多券同单只归一次,2026-06-24
CT0026,生日双倍积分,会员专享,折扣,2026-04-23,442,116,0.262443,2613.62,5344.5,105,2.044865,,,未接入对照组；核销订单GMV不等于增量GMV,券实例订单ID直连；多券同单只归一次,2026-06-24
CT0015,新店开业 8 折,门店专享,折扣,2026-05-06,417,55,0.131894,1688.73,2756,52,1.631996,,,未接入对照组；核销订单GMV不等于增量GMV,券实例订单ID直连；多券同单只归一次,2026-06-24
CT0022,下午茶套餐,通用,折扣,2026-03-09,471,122,0.259023,2303.6,5399.8,98,2.34407,,,未接入对照组；核销订单GMV不等于增量GMV,券实例订单ID直连；多券同单只归一次,2026-06-24
CT0017,外卖满减 5 元,渠道,满减,2026-02-08,64,64,1,1225.31,1696,53,1.38414,,,未接入对照组；核销订单GMV不等于增量GMV,券实例订单ID直连；多券同单只归一次,2026-06-24
CT0005,第二杯半价,通用,折扣,2026-01-21,2,2,1,18.76,68.2,2,3.635394,,,未接入对照组；核销订单GMV不等于增量GMV,券实例订单ID直连；多券同单只归一次,2026-06-24
CT0008,生日 5 折券,会员专享,折扣,2026-02-11,58,58,1,877.63,1882.4,52,2.144867,,,未接入对照组；核销订单GMV不等于增量GMV,券实例订单ID直连；多券同单只归一次,2026-06-24
CT0011,黑卡尊享 6 折,黑卡专享,折扣,2026-04-26,395,106,0.268354,1818.85,3830,100,2.105726,,,未接入对照组；核销订单GMV不等于增量GMV,券实例订单ID直连；多券同单只归一次,2026-06-24
CT0008,生日 5 折券,会员专享,折扣,2026-01-30,28,28,1,510.96,888.8,22,1.739471,,,未接入对照组；核销订单GMV不等于增量GMV,券实例订单ID直连；多券同单只归一次,2026-06-24
CT0022,下午茶套餐,通用,折扣,2026-02-23,415,93,0.224096,2266.81,3315,78,1.462408,,,未接入对照组；核销订单GMV不等于增量GMV,券实例订单ID直连；多券同单只归一次,2026-06-24
CT0022,下午茶套餐,通用,折扣,2026-02-09,60,60,1,1432.23,2319.2,52,1.619293,,,未接入对照组；核销订单GMV不等于增量GMV,券实例订单ID直连；多券同单只归一次,2026-06-24
CT0021,早高峰 8 折,时段,折扣,2026-05-16,363,22,0.060606,332.56,934,20,2.808516,,,未接入对照组；核销订单GMV不等于增量GMV,券实例订单ID直连；多券同单只归一次,2026-06-24
CT0014,沉睡唤醒 9 折,唤醒,折扣,2026-01-27,22,22,1,403.31,1024.8,21,2.540973,,,未接入对照组；核销订单GMV不等于增量GMV,券实例订单ID直连；多券同单只归一次,2026-06-24
CT0016,新品体验 5 折,新品,折扣,2026-05-16,362,15,0.041436,223.48,610.8,12,2.73313,,,未接入对照组；核销订单GMV不等于增量GMV,券实例订单ID直连；多券同单只归一次,2026-06-24
CT0023,第二件 1 元,通用,满减,2026-01-30,30,30,1,642.51,1325,25,2.062225,,,未接入对照组；核销订单GMV不等于增量GMV,券实例订单ID直连；多券同单只归一次,2026-06-24
CT0024,满 100 减 40,通用,满减,2026-05-04,411,61,0.148418,1736.87,2920.3,53,1.681358,,,未接入对照组；核销订单GMV不等于增量GMV,券实例订单ID直连；多券同单只归一次,2026-06-24
CT0021,早高峰 8 折,时段,折扣,2026-04-04,426,113,0.265258,2567.81,3264,102,1.271122,,,未接入对照组；核销订单GMV不等于增量GMV,券实例订单ID直连；多券同单只归一次,2026-06-24
CT0013,拉新返券,拉新,满减,2026-05-16,345,23,0.066667,447.74,750.2,22,1.675526,,,未接入对照组；核销订单GMV不等于增量GMV,券实例订单ID直连；多券同单只归一次,2026-06-24
CT0021,早高峰 8 折,时段,折扣,2026-01-22,15,15,1,184.9,434.4,12,2.349378,,,未接入对照组；核销订单GMV不等于增量GMV,券实例订单ID直连；多券同单只归一次,2026-06-24
CT0014,沉睡唤醒 9 折,唤醒,折扣,2026-01-31,41,41,1,931.73,1302.2,34,1.397615,,,未接入对照组；核销订单GMV不等于增量GMV,券实例订单ID直连；多券同单只归一次,2026-06-24
CT0008,生日 5 折券,会员专享,折扣,2026-05-18,331,7,0.021148,93.34,242.4,6,2.596957,,,未接入对照组；核销订单GMV不等于增量GMV,券实例订单ID直连；多券同单只归一次,2026-06-24
CT0023,第二件 1 元,通用,满减,2026-01-24,10,10,1,137.99,382.5,9,2.77194,,,未接入对照组；核销订单GMV不等于增量GMV,券实例订单ID直连；多券同单只归一次,2026-06-24
CT0006,早鸟 8 折,时段,折扣,2026-01-23,10,10,1,180.43,401.4,9,2.224685,,,未接入对照组；核销订单GMV不等于增量GMV,券实例订单ID直连；多券同单只归一次,2026-06-24
CT0006,早鸟 8 折,时段,折扣,2026-01-28,17,17,1,287.87,653.8,14,2.271164,,,未接入对照组；核销订单GMV不等于增量GMV,券实例订单ID直连；多券同单只归一次,2026-06-24
CT0024,满 100 减 40,通用,满减,2026-02-16,89,89,1,2580.73,3611.2,74,1.399294,,,未接入对照组；核销订单GMV不等于增量GMV,券实例订单ID直连；多券同单只归一次,2026-06-24
CT0020,社群红包,私域,满减,2026-03-06,450,119,0.264444,2288.84,5293.6,104,2.312787,,,未接入对照组；核销订单GMV不等于增量GMV,券实例订单ID直连；多券同单只归一次,2026-06-24
CT0008,生日 5 折券,会员专享,折扣,2026-04-01,442,111,0.251131,2726.49,5300,100,1.943891,,,未接入对照组；核销订单GMV不等于增量GMV,券实例订单ID直连；多券同单只归一次,2026-06-24
CT0006,早鸟 8 折,时段,折扣,2026-01-31,30,30,1,490.15,1542.8,28,3.147608,,,未接入对照组；核销订单GMV不等于增量GMV,券实例订单ID直连；多券同单只归一次,2026-06-24
CT0027,拉新 5 元券,拉新,满减,2026-01-31,29,29,1,501.16,736,23,1.468593,,,未接入对照组；核销订单GMV不等于增量GMV,券实例订单ID直连；多券同单只归一次,2026-06-24
CT0019,企微专享 7 折,私域,折扣,2026-02-09,65,65,1,1375.86,1841.4,54,1.338363,,,未接入对照组；核销订单GMV不等于增量GMV,券实例订单ID直连；多券同单只归一次,2026-06-24
CT0030,节日满 50 减 20,节日,满减,2026-02-17,90,90,1,2114.84,2823.6,78,1.335136,,,未接入对照组；核销订单GMV不等于增量GMV,券实例订单ID直连；多券同单只归一次,2026-06-24
CT0030,节日满 50 减 20,节日,满减,2026-03-04,460,116,0.252174,2526.46,4021.5,105,1.591753,,,未接入对照组；核销订单GMV不等于增量GMV,券实例订单ID直连；多券同单只归一次,2026-06-24
CT0003,满 50 减 18,通用,满减,2026-03-11,441,107,0.24263,1780.17,4080.4,101,2.292141,,,未接入对照组；核销订单GMV不等于增量GMV,券实例订单ID直连；多券同单只归一次,2026-06-24
CT0018,外卖免配送,渠道,赠品,2026-04-10,415,101,0.243373,1822.68,3442.5,81,1.888702,,,未接入对照组；核销订单GMV不等于增量GMV,券实例订单ID直连；多券同单只归一次,2026-06-24
CT0023,第二件 1 元,通用,满减,2026-04-09,402,113,0.281095,3819.96,4192.4,94,1.097498,,,未接入对照组；核销订单GMV不等于增量GMV,券实例订单ID直连；多券同单只归一次,2026-06-24
CT0011,黑卡尊享 6 折,黑卡专享,折扣,2026-04-25,418,114,0.272727,2744.08,4623.3,99,1.684827,,,未接入对照组；核销订单GMV不等于增量GMV,券实例订单ID直连；多券同单只归一次,2026-06-24
CT0029,小程序首单立减,拉新,满减,2026-04-19,481,125,0.259875,2160.84,5514.4,113,2.551971,,,未接入对照组；核销订单GMV不等于增量GMV,券实例订单ID直连；多券同单只归一次,2026-06-24
CT0024,满 100 减 40,通用,满减,2026-02-09,55,55,1,1236.93,2646.8,52,2.139814,,,未接入对照组；核销订单GMV不等于增量GMV,券实例订单ID直连；多券同单只归一次,2026-06-24
CT0007,会员日 7 折,会员日,折扣,2026-02-04,51,51,1,733.48,2173,41,2.962589,,,未接入对照组；核销订单GMV不等于增量GMV,券实例订单ID直连；多券同单只归一次,2026-06-24
CT0028,App 首单立减,拉新,满减,2026-02-07,62,62,1,1326.2,2865.2,52,2.160458,,,未接入对照组；核销订单GMV不等于增量GMV,券实例订单ID直连；多券同单只归一次,2026-06-24
CT0025,免运费券,渠道,赠品,2026-02-11,66,66,1,1544.26,1824,57,1.181148,,,未接入对照组；核销订单GMV不等于增量GMV,券实例订单ID直连；多券同单只归一次,2026-06-24
CT0009,免费小食券,赠品,免费,2026-02-22,404,99,0.24505,1917.27,3069,90,1.600714,,,未接入对照组；核销订单GMV不等于增量GMV,券实例订单ID直连；多券同单只归一次,2026-06-24
CT0018,外卖免配送,渠道,赠品,2026-03-17,435,113,0.25977,2387.37,3837.2,106,1.607292,,,未接入对照组；核销订单GMV不等于增量GMV,券实例订单ID直连；多券同单只归一次,2026-06-24
CT0011,黑卡尊享 6 折,黑卡专享,折扣,2026-03-02,428,104,0.242991,1644.38,3178.9,83,1.933191,,,未接入对照组；核销订单GMV不等于增量GMV,券实例订单ID直连；多券同单只归一次,2026-06-24
CT0029,小程序首单立减,拉新,满减,2026-02-25,450,113,0.251111,3035.08,3797.6,94,1.251236,,,未接入对照组；核销订单GMV不等于增量GMV,券实例订单ID直连；多券同单只归一次,2026-06-24
CT0007,会员日 7 折,会员日,折扣,2026-03-06,411,117,0.284672,2597.74,4335,102,1.668758,,,未接入对照组；核销订单GMV不等于增量GMV,券实例订单ID直连；多券同单只归一次,2026-06-24
CT0028,App 首单立减,拉新,满减,2026-03-29,461,119,0.258134,2010.71,4816.8,108,2.395572,,,未接入对照组；核销订单GMV不等于增量GMV,券实例订单ID直连；多券同单只归一次,2026-06-24
CT0018,外卖免配送,渠道,赠品,2026-04-01,395,104,0.263291,3748.87,4576.6,98,1.220795,,,未接入对照组；核销订单GMV不等于增量GMV,券实例订单ID直连；多券同单只归一次,2026-06-24
CT0004,满 80 减 30,通用,满减,2026-04-25,451,111,0.24612,2069.89,4343.2,89,2.098276,,,未接入对照组；核销订单GMV不等于增量GMV,券实例订单ID直连；多券同单只归一次,2026-06-24
CT0015,新店开业 8 折,门店专享,折扣,2026-04-10,430,103,0.239535,1786.27,4377.4,86,2.450581,,,未接入对照组；核销订单GMV不等于增量GMV,券实例订单ID直连；多券同单只归一次,2026-06-24
CT0019,企微专享 7 折,私域,折扣,2026-04-23,406,96,0.236453,2708.45,4452,84,1.643745,,,未接入对照组；核销订单GMV不等于增量GMV,券实例订单ID直连；多券同单只归一次,2026-06-24
CT0026,生日双倍积分,会员专享,折扣,2026-05-18,323,13,0.040248,364.57,661.2,12,1.813643,,,未接入对照组；核销订单GMV不等于增量GMV,券实例订单ID直连；多券同单只归一次,2026-06-24
CT0001,新人首单 9.9 元拿铁,新人专享,满减,2026-03-22,456,126,0.276316,2887.36,3776,118,1.307769,,,未接入对照组；核销订单GMV不等于增量GMV,券实例订单ID直连；多券同单只归一次,2026-06-24
CT0030,节日满 50 减 20,节日,满减,2026-04-08,430,109,0.253488,1821.56,2966.7,87,1.628659,,,未接入对照组；核销订单GMV不等于增量GMV,券实例订单ID直连；多券同单只归一次,2026-06-24
CT0012,金卡 8 折,金卡专享,折扣,2026-03-26,469,138,0.294243,3464.19,4163,115,1.201724,,,未接入对照组；核销订单GMV不等于增量GMV,券实例订单ID直连；多券同单只归一次,2026-06-24
CT0026,生日双倍积分,会员专享,折扣,2026-04-11,461,134,0.290672,3795.53,4481.1,117,1.180626,,,未接入对照组；核销订单GMV不等于增量GMV,券实例订单ID直连；多券同单只归一次,2026-06-24
CT0001,新人首单 9.9 元拿铁,新人专享,满减,2026-05-13,376,35,0.093085,556.9,1292.8,32,2.321422,,,未接入对照组；核销订单GMV不等于增量GMV,券实例订单ID直连；多券同单只归一次,2026-06-24
CT0028,App 首单立减,拉新,满减,2026-02-11,69,69,1,1580.86,2762.5,65,1.747467,,,未接入对照组；核销订单GMV不等于增量GMV,券实例订单ID直连；多券同单只归一次,2026-06-24
CT0007,会员日 7 折,会员日,折扣,2026-03-22,465,122,0.262366,3908.96,4370.8,98,1.118149,,,未接入对照组；核销订单GMV不等于增量GMV,券实例订单ID直连；多券同单只归一次,2026-06-24
CT0009,免费小食券,赠品,免费,2026-04-16,442,114,0.257919,1921.5,4436.5,95,2.308873,,,未接入对照组；核销订单GMV不等于增量GMV,券实例订单ID直连；多券同单只归一次,2026-06-24
CT0010,免费贝果券,赠品,免费,2026-04-06,464,121,0.260776,2392.12,5124,105,2.142033,,,未接入对照组；核销订单GMV不等于增量GMV,券实例订单ID直连；多券同单只归一次,2026-06-24
CT0012,金卡 8 折,金卡专享,折扣,2026-02-28,444,105,0.236486,1863.34,4835.5,95,2.595071,,,未接入对照组；核销订单GMV不等于增量GMV,券实例订单ID直连；多券同单只归一次,2026-06-24
CT0028,App 首单立减,拉新,满减,2026-02-27,438,101,0.230594,2202,5035,95,2.286558,,,未接入对照组；核销订单GMV不等于增量GMV,券实例订单ID直连；多券同单只归一次,2026-06-24
CT0019,企微专享 7 折,私域,折扣,2026-03-31,462,127,0.274892,3469.83,5620.2,102,1.619734,,,未接入对照组；核销订单GMV不等于增量GMV,券实例订单ID直连；多券同单只归一次,2026-06-24
CT0014,沉睡唤醒 9 折,唤醒,折扣,2026-03-14,404,100,0.247525,1999,2688,84,1.344672,,,未接入对照组；核销订单GMV不等于增量GMV,券实例订单ID直连；多券同单只归一次,2026-06-24
CT0008,生日 5 折券,会员专享,折扣,2026-03-16,484,122,0.252066,2779.67,3614.6,106,1.30037,,,未接入对照组；核销订单GMV不等于增量GMV,券实例订单ID直连；多券同单只归一次,2026-06-24
CT0019,企微专享 7 折,私域,折扣,2026-04-11,452,121,0.267699,3487.21,3982,110,1.141887,,,未接入对照组；核销订单GMV不等于增量GMV,券实例订单ID直连；多券同单只归一次,2026-06-24
CT0009,免费小食券,赠品,免费,2026-03-14,449,112,0.249443,2370.38,4021.5,105,1.696563,,,未接入对照组；核销订单GMV不等于增量GMV,券实例订单ID直连；多券同单只归一次,2026-06-24
CT0016,新品体验 5 折,新品,折扣,2026-03-15,438,91,0.207763,2112.1,2949.2,73,1.396335,,,未接入对照组；核销订单GMV不等于增量GMV,券实例订单ID直连；多券同单只归一次,2026-06-24
CT0001,新人首单 9.9 元拿铁,新人专享,满减,2026-03-05,425,109,0.256471,2253.17,3867.5,91,1.716471,,,未接入对照组；核销订单GMV不等于增量GMV,券实例订单ID直连；多券同单只归一次,2026-06-24
CT0005,第二杯半价,通用,折扣,2026-03-22,425,110,0.258824,2410.06,4281.6,96,1.776553,,,未接入对照组；核销订单GMV不等于增量GMV,券实例订单ID直连；多券同单只归一次,2026-06-24
CT0030,节日满 50 减 20,节日,满减,2026-03-02,404,103,0.25495,2050.34,4343.1,93,2.118234,,,未接入对照组；核销订单GMV不等于增量GMV,券实例订单ID直连；多券同单只归一次,2026-06-24
CT0029,小程序首单立减,拉新,满减,2026-04-07,448,114,0.254464,2875.1,5221.6,107,1.816146,,,未接入对照组；核销订单GMV不等于增量GMV,券实例订单ID直连；多券同单只归一次,2026-06-24
CT0008,生日 5 折券,会员专享,折扣,2026-02-06,50,50,1,1378.25,2036,40,1.477236,,,未接入对照组；核销订单GMV不等于增量GMV,券实例订单ID直连；多券同单只归一次,2026-06-24
CT0024,满 100 减 40,通用,满减,2026-03-17,404,105,0.259901,2229.17,4664,88,2.092259,,,未接入对照组；核销订单GMV不等于增量GMV,券实例订单ID直连；多券同单只归一次,2026-06-24
CT0014,沉睡唤醒 9 折,唤醒,折扣,2026-02-26,420,112,0.266667,2899.05,5344.7,97,1.843604,,,未接入对照组；核销订单GMV不等于增量GMV,券实例订单ID直连；多券同单只归一次,2026-06-24
CT0017,外卖满减 5 元,渠道,满减,2026-02-23,423,102,0.241135,2540.54,2944,92,1.158809,,,未接入对照组；核销订单GMV不等于增量GMV,券实例订单ID直连；多券同单只归一次,2026-06-24
CT0009,免费小食券,赠品,免费,2026-04-09,454,110,0.242291,3300.9,3512.3,103,1.064043,,,未接入对照组；核销订单GMV不等于增量GMV,券实例订单ID直连；多券同单只归一次,2026-06-24
CT0015,新店开业 8 折,门店专享,折扣,2026-03-28,464,128,0.275862,2726.98,3692.4,102,1.354025,,,未接入对照组；核销订单GMV不等于增量GMV,券实例订单ID直连；多券同单只归一次,2026-06-24
CT0001,新人首单 9.9 元拿铁,新人专享,满减,2026-02-14,62,62,1,1417.43,1991.6,52,1.405078,,,未接入对照组；核销订单GMV不等于增量GMV,券实例订单ID直连；多券同单只归一次,2026-06-24
CT0001,新人首单 9.9 元拿铁,新人专享,满减,2026-03-28,449,114,0.253898,2411.56,3999.6,99,1.658512,,,未接入对照组；核销订单GMV不等于增量GMV,券实例订单ID直连；多券同单只归一次,2026-06-24
CT0001,新人首单 9.9 元拿铁,新人专享,满减,2026-01-31,43,43,1,946.5,1657.5,39,1.751189,,,未接入对照组；核销订单GMV不等于增量GMV,券实例订单ID直连；多券同单只归一次,2026-06-24
CT0012,金卡 8 折,金卡专享,折扣,2026-03-30,439,129,0.29385,3662.82,5396.6,121,1.473346,,,未接入对照组；核销订单GMV不等于增量GMV,券实例订单ID直连；多券同单只归一次,2026-06-24
CT0026,生日双倍积分,会员专享,折扣,2026-04-09,412,106,0.257282,4231.31,3969.5,85,0.938126,,,未接入对照组；核销订单GMV不等于增量GMV,券实例订单ID直连；多券同单只归一次,2026-06-24
CT0027,拉新 5 元券,拉新,满减,2026-04-10,417,102,0.244604,2260.25,4148,85,1.835195,,,未接入对照组；核销订单GMV不等于增量GMV,券实例订单ID直连；多券同单只归一次,2026-06-24
CT0002,满 30 减 10,通用,满减,2026-03-06,419,105,0.250597,2880.23,4631.9,91,1.60817,,,未接入对照组；核销订单GMV不等于增量GMV,券实例订单ID直连；多券同单只归一次,2026-06-24
CT0017,外卖满减 5 元,渠道,满减,2026-03-20,451,99,0.219512,1950.25,4770,90,2.44584,,,未接入对照组；核销订单GMV不等于增量GMV,券实例订单ID直连；多券同单只归一次,2026-06-24
CT0016,新品体验 5 折,新品,折扣,2026-05-04,368,51,0.138587,1381.82,2644.8,48,1.913997,,,未接入对照组；核销订单GMV不等于增量GMV,券实例订单ID直连；多券同单只归一次,2026-06-24
CT0029,小程序首单立减,拉新,满减,2026-04-24,435,107,0.245977,3289.09,2752,86,0.836706,,,未接入对照组；核销订单GMV不等于增量GMV,券实例订单ID直连；多券同单只归一次,2026-06-24
CT0001,新人首单 9.9 元拿铁,新人专享,满减,2026-01-25,19,19,1,799.21,545.6,16,0.682674,,,未接入对照组；核销订单GMV不等于增量GMV,券实例订单ID直连；多券同单只归一次,2026-06-24
CT0001,新人首单 9.9 元拿铁,新人专享,满减,2026-02-19,452,113,0.25,2726.72,3547.6,98,1.30105,,,未接入对照组；核销订单GMV不等于增量GMV,券实例订单ID直连；多券同单只归一次,2026-06-24
CT0012,金卡 8 折,金卡专享,折扣,2026-03-17,412,107,0.259709,1800.75,3715.1,97,2.063085,,,未接入对照组；核销订单GMV不等于增量GMV,券实例订单ID直连；多券同单只归一次,2026-06-24
CT0027,拉新 5 元券,拉新,满减,2026-05-18,340,11,0.032353,139.89,404,10,2.887983,,,未接入对照组；核销订单GMV不等于增量GMV,券实例订单ID直连；多券同单只归一次,2026-06-24
CT0029,小程序首单立减,拉新,满减,2026-04-03,461,120,0.260304,2623.09,4080,96,1.555417,,,未接入对照组；核销订单GMV不等于增量GMV,券实例订单ID直连；多券同单只归一次,2026-06-24
CT0019,企微专享 7 折,私域,折扣,2026-04-02,417,97,0.232614,1974.49,3612.6,81,1.829637,,,未接入对照组；核销订单GMV不等于增量GMV,券实例订单ID直连；多券同单只归一次,2026-06-24
CT0030,节日满 50 减 20,节日,满减,2026-02-11,69,69,1,1567.34,2802,60,1.787742,,,未接入对照组；核销订单GMV不等于增量GMV,券实例订单ID直连；多券同单只归一次,2026-06-24
CT0020,社群红包,私域,满减,2026-01-31,27,27,1,420.7,1171.2,24,2.783932,,,未接入对照组；核销订单GMV不等于增量GMV,券实例订单ID直连；多券同单只归一次,2026-06-24
CT0020,社群红包,私域,满减,2026-02-07,57,57,1,1558.9,2748.6,54,1.763166,,,未接入对照组；核销订单GMV不等于增量GMV,券实例订单ID直连；多券同单只归一次,2026-06-24
CT0009,免费小食券,赠品,免费,2026-05-20,347,7,0.020173,91.23,318,6,3.485695,,,未接入对照组；核销订单GMV不等于增量GMV,券实例订单ID直连；多券同单只归一次,2026-06-24
CT0022,下午茶套餐,通用,折扣,2026-01-27,21,21,1,495.01,991.8,18,2.003596,,,未接入对照组；核销订单GMV不等于增量GMV,券实例订单ID直连；多券同单只归一次,2026-06-24
CT0026,生日双倍积分,会员专享,折扣,2026-02-27,411,101,0.245742,2559.38,2816,88,1.100266,,,未接入对照组；核销订单GMV不等于增量GMV,券实例订单ID直连；多券同单只归一次,2026-06-24
CT0005,第二杯半价,通用,折扣,2026-02-19,450,96,0.213333,1666.83,2966.7,87,1.779846,,,未接入对照组；核销订单GMV不等于增量GMV,券实例订单ID直连；多券同单只归一次,2026-06-24
CT0017,外卖满减 5 元,渠道,满减,2026-02-26,419,84,0.200477,1309.99,2859.8,79,2.18307,,,未接入对照组；核销订单GMV不等于增量GMV,券实例订单ID直连；多券同单只归一次,2026-06-24
CT0022,下午茶套餐,通用,折扣,2026-05-02,414,80,0.193237,1755.4,2451.2,64,1.396377,,,未接入对照组；核销订单GMV不等于增量GMV,券实例订单ID直连；多券同单只归一次,2026-06-24
CT0018,外卖免配送,渠道,赠品,2026-02-18,100,100,1,2793.57,3393.6,84,1.21479,,,未接入对照组；核销订单GMV不等于增量GMV,券实例订单ID直连；多券同单只归一次,2026-06-24
CT0024,满 100 减 40,通用,满减,2026-04-12,448,114,0.254464,2553.45,4207.5,99,1.647771,,,未接入对照组；核销订单GMV不等于增量GMV,券实例订单ID直连；多券同单只归一次,2026-06-24
CT0017,外卖满减 5 元,渠道,满减,2026-02-28,382,90,0.235602,1598.81,3612.6,81,2.259556,,,未接入对照组；核销订单GMV不等于增量GMV,券实例订单ID直连；多券同单只归一次,2026-06-24
CT0013,拉新返券,拉新,满减,2026-04-10,410,93,0.226829,2219.15,4062.9,87,1.830836,,,未接入对照组；核销订单GMV不等于增量GMV,券实例订单ID直连；多券同单只归一次,2026-06-24
