门店ID,加盟商ID,门店类型,签约日期,合同期年数,到期日,分成模型,续约状态,总投资额,可回收投资,不可回收投资,投资起始日,经营月数,累计营收,累计店面贡献利润,月均店面贡献利润,平均贡献利润率,累计回本率,预计完整回本月数,已开业月数,剩余回本月数,回本状态,预计完整回本日期,招商承诺回本月数,回本偏离度,回本风险等级,标杆门店标志,数据快照日期
S00014,F0007,商场店,2021-07-16,5,2026-07-15,流水分成,未到期,1383468,563497,819971,2021-07-16,4,89545.68000000001,1356.7100000000082,339.17750000000206,0.017388891569519,0.000981,4079,59,4020,测算中,2361-06-16,24.0,4055,严重,FALSE,2026-06-24
S00108,F0048,外卖卫星店,2023-02-25,3,2026-02-24,固定加盟费+流水分成,已续约,1226616,244915,981701,2023-02-25,4,77306.82,16291.860000000008,4072.965000000002,0.218979179606861,0.013282,302,39,263,测算中,2048-04-25,12.0,290,严重,FALSE,2026-06-24
S00167,F0070,社区店,2025-06-05,3,2028-06-04,流水分成,未到期,887228,219172,668056,2025-06-05,4,63212.790000000015,15573.000000000018,3893.2500000000045,0.252284123693409,0.017552,228,12,216,测算中,2044-06-05,18.0,210,严重,FALSE,2026-06-24
S00262,F0109,社区店,2023-08-27,5,2028-08-25,固定加盟费+流水分成,未到期,1585728,292656,1293072,2023-08-27,4,69640.02,18006.36,4501.59,0.253600287367535,0.011355,353,33,320,测算中,2053-01-27,18.0,335,严重,FALSE,2026-06-24
S00345,F0010,快取店,2022-05-18,8,2030-05-16,固定加盟费+流水分成,未到期,1627621,577646,1049975,2022-05-18,4,122363.55999999998,36963.38999999999,9240.847499999998,0.297615757671287,0.02271,177,49,128,测算中,2037-02-18,15.0,162,严重,FALSE,2026-06-24
S00385,F0026,写字楼店,2023-02-08,5,2028-02-07,固定加盟费+流水分成,未到期,985964,246649,739315,2023-02-08,4,98396.49,11478.87,2869.7175,0.116924808331209,0.011642,344,40,304,测算中,2051-10-08,22.0,322,严重,FALSE,2026-06-24
S00405,F0037,写字楼店,2022-02-28,8,2030-02-26,流水分成,未到期,911474,271994,639480,2022-02-28,4,100413.63,13943.460000000003,3485.8650000000007,0.148878014042914,0.015298,262,51,211,测算中,2043-12-28,22.0,240,严重,FALSE,2026-06-24
S00577,F0124,外卖卫星店,2021-11-04,3,2024-11-03,固定加盟费+流水分成,已退出,844149,373623,470526,2021-11-04,4,46574.56,9951.059999999998,2487.7649999999994,0.211009920379245,0.011788,340,55,285,测算中,2050-03-04,12.0,328,严重,FALSE,2026-06-24
S00649,F0021,社区店,2022-01-11,3,2025-01-10,流水分成,已续约,1599932,574273,1025659,2022-01-11,4,67499.18,17571.180000000004,4392.795000000001,0.260713479417705,0.010982,365,53,312,测算中,2052-06-11,18.0,347,严重,FALSE,2026-06-24
S00889,F0136,学校店,2024-01-23,3,2027-01-22,流水分成,未到期,1260831,273236,987595,2024-01-23,4,81083.69,17917.850000000006,4479.4625000000015,0.219445356734565,0.014211,282,29,253,测算中,2047-07-23,20.0,262,严重,FALSE,2026-06-24
S00899,F0140,快取店,2021-03-23,8,2029-03-21,纯固定加盟费,未到期,958671,395731,562940,2021-03-23,4,64249.07,19821.730000000003,4955.432500000001,0.320341317101634,0.020676,194,63,131,测算中,2037-05-23,15.0,179,严重,FALSE,2026-06-24
S00983,F0036,写字楼店,2023-03-05,3,2026-03-04,固定加盟费+流水分成,已续约,1295681,572722,722959,2023-03-05,4,137144.93,20839.460000000014,5209.865000000003,0.148577641929426,0.016084,249,39,210,测算中,2043-12-05,22.0,227,严重,FALSE,2026-06-24
S01141,F0114,外卖卫星店,2026-03-22,8,2034-03-20,固定加盟费+流水分成,未到期,1282188,550586,731602,2026-03-22,2,19905.649999999998,3304.6799999999967,1652.3399999999983,0.178454180180213,0.002577,776,3,773,测算中,2090-11-22,12.0,764,严重,FALSE,2026-06-24
S00234,F0092,商场店,2023-12-25,8,2031-12-23,流水分成,未到期,1390540,429924,960616,2023-12-25,4,144523.28999999998,1509.0899999999856,377.2724999999964,-0.010072193876198,0.001085,3686,29,3657,测算中,2331-02-25,24.0,3662,严重,FALSE,2026-06-24
S00301,F0125,商场店,2024-06-19,8,2032-06-17,纯固定加盟费,未到期,991845,223732,768113,2024-06-19,4,78627.62000000001,7191.119999999999,1797.7799999999997,0.086493135126375,0.00725,552,24,528,测算中,2070-06-19,24.0,528,严重,FALSE,2026-06-24
S00382,F0024,快取店,2022-07-13,5,2027-07-12,固定加盟费+流水分成,未到期,1337060,332969,1004091,2022-07-13,4,69450.87,21412.959999999995,5353.239999999999,0.294253339538071,0.016015,250,47,203,测算中,2043-05-13,15.0,235,严重,FALSE,2026-06-24
S00520,F0094,外卖卫星店,2022-03-28,3,2025-03-27,流水分成,已续约,948258,225166,723092,2022-03-28,4,57898.999999999985,12544.909999999987,3136.227499999997,0.214562055124633,0.013229,303,50,253,测算中,2047-06-28,12.0,291,严重,FALSE,2026-06-24
S00628,F0011,写字楼店,2024-06-16,3,2027-06-16,流水分成,未到期,767855,226829,541026,2024-06-16,4,102101.58999999998,16485.999999999985,4121.499999999996,0.173760696721338,0.02147,187,24,163,测算中,2040-01-16,22.0,165,严重,FALSE,2026-06-24
S00851,F0118,快取店,2024-01-07,8,2032-01-05,流水分成,未到期,1074290,411166,663124,2024-01-07,4,84212.07,25502.05000000001,6375.512500000003,0.302153741419293,0.023739,169,29,140,测算中,2038-02-07,15.0,154,严重,FALSE,2026-06-24
S00856,F0121,商场店,2023-06-11,5,2028-06-09,固定加盟费+流水分成,未到期,1647380,353949,1293431,2023-06-11,4,148657.62999999998,3514.809999999985,878.7024999999962,0.025057426086294,0.002134,1875,36,1839,测算中,2179-09-11,24.0,1851,严重,FALSE,2026-06-24
S00916,F0003,快取店,2025-05-21,3,2028-05-20,固定加盟费+流水分成,未到期,895472,389549,505923,2025-05-21,4,82144.35999999999,24157.33999999999,6039.334999999997,0.309880153209001,0.026977,149,13,136,测算中,2037-10-21,15.0,134,严重,FALSE,2026-06-24
S00941,F0017,学校店,2021-03-08,8,2029-03-06,固定加盟费+流水分成,未到期,1305875,334807,971068,2021-03-08,4,92013.10999999997,18529.999999999978,4632.4999999999945,0.209012583941859,0.01419,282,63,219,测算中,2044-09-08,20.0,262,严重,FALSE,2026-06-24
S01068,F0076,交通店,2021-03-23,5,2026-03-22,流水分成,已续约,1154724,394376,760348,2021-03-23,4,107078.76000000002,-281.17999999997664,-70.29499999999416,-0.013804657999486,-0.000244,,63,,当前不可测算,,30.0,,严重,FALSE,2026-06-24
S01107,F0095,社区店,2023-10-22,8,2031-10-20,固定加盟费+流水分成,未到期,1231932,545949,685983,2023-10-22,4,107650.6,24967.28000000001,6241.820000000002,0.233365790673531,0.020267,198,32,166,测算中,2040-04-22,18.0,180,严重,FALSE,2026-06-24
S01125,F0104,外卖卫星店,2026-01-14,3,2029-01-13,固定加盟费+流水分成,未到期,1195875,425204,770671,2026-01-14,2,27304.529999999995,5326.049999999996,2663.024999999998,0.194057288460916,0.004454,450,5,445,测算中,2063-07-14,12.0,438,严重,FALSE,2026-06-24
S00060,F0028,写字楼店,2024-05-21,5,2029-05-20,固定加盟费+流水分成,未到期,1078496,407096,671400,2024-05-21,4,141244.07,20913.07000000002,5228.267500000005,0.142711823867743,0.019391,207,25,182,测算中,2041-08-21,22.0,185,严重,FALSE,2026-06-24
S00158,F0067,外卖卫星店,2024-07-17,5,2029-07-16,固定加盟费+流水分成,未到期,1591642,600077,991565,2024-07-17,4,36402.31,7414.199999999995,1853.5499999999988,0.203953832287673,0.004658,859,23,836,测算中,2096-02-17,12.0,847,严重,FALSE,2026-06-24
S00288,F0120,快取店,2023-10-29,8,2031-10-27,流水分成,未到期,1835880,608406,1227474,2023-10-29,4,83895.66,24607.140000000007,6151.785000000002,0.286557096167123,0.013403,299,31,268,测算中,2048-09-29,15.0,284,严重,FALSE,2026-06-24
S00343,F0008,外卖卫星店,2022-01-17,3,2025-01-16,流水分成,已续约,1452622,411488,1041134,2022-01-17,4,62715.909999999996,12454.649999999998,3113.6624999999995,0.198550373270014,0.008574,467,53,414,测算中,2060-12-17,12.0,455,严重,FALSE,2026-06-24
S00391,F0030,快取店,2023-08-11,8,2031-08-09,固定加盟费+流水分成,未到期,1761327,606516,1154811,2023-08-11,4,89021.76,26659.92,6664.98,0.298745199575376,0.015136,265,34,231,测算中,2045-09-11,15.0,250,严重,FALSE,2026-06-24
S00392,F0031,外卖卫星店,2024-09-05,5,2029-09-04,纯固定加盟费,未到期,1114190,557764,556426,2024-09-05,4,47126.5,10287.740000000002,2571.9350000000004,0.211634455972936,0.009233,434,21,413,测算中,2060-11-05,12.0,422,严重,FALSE,2026-06-24
S00416,F0043,商场店,2025-01-20,3,2028-01-20,纯固定加盟费,未到期,1776611,469566,1307045,2025-01-20,4,110843.88999999998,3897.60999999999,974.4024999999975,0.036010126765676,0.002194,1824,17,1807,测算中,2177-01-20,24.0,1800,严重,FALSE,2026-06-24
S00422,F0044,快取店,2024-10-18,3,2027-10-18,流水分成,未到期,1093555,409958,683597,2024-10-18,4,74780.31000000001,22492.55,5623.1375,0.295654620041973,0.020568,195,20,175,测算中,2041-01-18,15.0,180,严重,FALSE,2026-06-24
S00500,F0084,快取店,2024-07-07,8,2032-07-05,固定加盟费+流水分成,未到期,1508231,424484,1083747,2024-07-07,4,81064.09000000001,28033.510000000002,7008.3775000000005,0.337271687229152,0.018587,216,23,193,测算中,2042-07-07,15.0,201,严重,FALSE,2026-06-24
S00677,F0032,快取店,2021-01-28,8,2029-01-26,纯固定加盟费,未到期,1025979,289138,736841,2021-01-28,4,30985.060000000005,8558.280000000002,2139.5700000000006,0.288319816015712,0.008342,480,64,416,测算中,2061-01-28,15.0,465,严重,FALSE,2026-06-24
S00743,F0066,快取店,2025-03-07,8,2033-03-05,固定加盟费+流水分成,未到期,1129703,392388,737315,2025-03-07,4,64560.2,19593.989999999994,4898.497499999999,0.298244363415441,0.017344,231,15,216,测算中,2044-06-07,15.0,216,严重,FALSE,2026-06-24
S00832,F0109,交通店,2023-06-07,8,2031-06-05,固定加盟费+流水分成,未到期,1377526,559768,817758,2023-06-07,4,112549.8,-227.8200000000047,-56.95500000000118,-0.007994358102002,-0.000165,,36,,当前不可测算,,30.0,,严重,FALSE,2026-06-24
S00854,F0119,快取店,2021-02-13,5,2026-02-12,固定加盟费+流水分成,已续约,1021981,246304,775677,2021-02-13,4,96584.96000000002,27416.010000000013,6854.002500000003,0.294246880524333,0.026826,150,64,86,测算中,2033-08-13,15.0,135,严重,FALSE,2026-06-24
S00857,F0122,快取店,2023-08-08,3,2026-08-07,流水分成,未到期,1460493,579285,881208,2023-08-08,4,118565.08999999998,33528.959999999985,8382.239999999996,0.282924700486965,0.022957,175,34,141,测算中,2038-03-08,15.0,160,严重,FALSE,2026-06-24
S01019,F0047,写字楼店,2024-07-01,8,2032-06-29,流水分成,未到期,1117637,237755,879882,2024-07-01,4,141197.59,17948.059999999994,4487.0149999999985,0.122040697566357,0.016059,250,23,227,测算中,2045-05-01,22.0,228,严重,FALSE,2026-06-24
S01039,F0055,商场店,2024-03-13,8,2032-03-11,固定加盟费+流水分成,未到期,1398418,293923,1104495,2024-03-13,4,105544.27000000005,5974.790000000035,1493.6975000000089,0.05168229060171,0.004273,937,27,910,测算中,2102-04-13,24.0,913,严重,FALSE,2026-06-24
S01065,F0073,快取店,2022-11-16,8,2030-11-14,流水分成,未到期,895604,231130,664474,2022-11-16,4,93061.89,29200.75999999999,7300.189999999998,0.306495525304059,0.032605,123,43,80,测算中,2033-02-16,15.0,108,严重,FALSE,2026-06-24
S01071,F0078,快取店,2023-11-22,8,2031-11-20,固定加盟费+流水分成,未到期,1077660,557221,520439,2023-11-22,4,92186.81999999999,25759.199999999993,6439.799999999998,0.283545653867613,0.023903,168,31,137,测算中,2037-11-22,15.0,153,严重,FALSE,2026-06-24
S01147,F0118,快取店,2026-01-16,8,2034-01-14,流水分成,未到期,1358708,559109,799599,2026-01-16,2,48797.40999999999,16058.619999999988,8029.309999999994,0.332050300330849,0.011819,170,5,165,测算中,2040-03-16,15.0,155,严重,FALSE,2026-06-24
S00005,F0003,写字楼店,2023-02-15,8,2031-02-13,纯固定加盟费,未到期,1331797,429829,901968,2023-02-15,4,102535.87999999999,15174.099999999991,3793.524999999998,0.152334942461762,0.011394,352,40,312,测算中,2052-06-15,22.0,330,严重,FALSE,2026-06-24
S00008,F0004,学校店,2024-11-04,3,2027-11-04,流水分成,未到期,1094237,390621,703616,2024-11-04,4,110533.91999999997,23676.739999999976,5919.184999999994,0.205563074848477,0.021638,185,19,166,测算中,2040-04-04,20.0,165,严重,FALSE,2026-06-24
S00423,F0045,学校店,2020-12-07,3,2023-12-07,流水分成,已续约,1051099,382928,668171,2020-12-07,4,137273.62,29407.840000000004,7351.960000000001,0.1996702147196,0.027978,143,66,77,测算中,2032-11-07,20.0,123,严重,FALSE,2026-06-24
S00464,F0063,快取店,2022-09-07,5,2027-09-06,流水分成,未到期,1700835,612367,1088468,2022-09-07,4,106877.42,29066.0,7266.5,0.281233021033475,0.017089,235,45,190,测算中,2042-04-07,15.0,220,严重,FALSE,2026-06-24
S00476,F0069,快取店,2022-12-16,5,2027-12-15,固定加盟费+流水分成,未到期,1516988,594174,922814,2022-12-16,4,67823.85999999999,23061.649999999987,5765.412499999997,0.340922765767556,0.015202,264,42,222,测算中,2044-12-16,15.0,249,严重,FALSE,2026-06-24
S00497,F0083,外卖卫星店,2023-08-28,8,2031-08-26,固定加盟费+流水分成,未到期,888919,389529,499390,2023-08-28,4,118831.48999999999,25516.139999999992,6379.034999999998,0.214559035231869,0.028705,140,33,107,测算中,2035-04-28,12.0,128,严重,FALSE,2026-06-24
S00535,F0103,写字楼店,2024-07-23,3,2027-07-23,纯固定加盟费,未到期,1173640,401993,771647,2024-07-23,4,132003.21000000002,22333.840000000004,5583.460000000001,0.163944748806669,0.01903,211,23,188,测算中,2042-02-23,22.0,189,严重,FALSE,2026-06-24
S00623,F0007,社区店,2023-09-05,8,2031-09-03,纯固定加盟费,未到期,1362505,325248,1037257,2023-09-05,4,70536.05999999998,16184.46999999998,4046.117499999995,0.236188211822831,0.011878,337,33,304,测算中,2051-10-05,18.0,319,严重,FALSE,2026-06-24
S00639,F0015,社区店,2023-10-09,5,2028-10-07,纯固定加盟费,未到期,1180686,391890,788796,2023-10-09,4,89112.09,21023.42999999999,5255.857499999997,0.240749916768653,0.017806,225,32,193,测算中,2042-07-09,18.0,207,严重,FALSE,2026-06-24
S00773,F0081,写字楼店,2021-08-24,5,2026-08-23,固定加盟费+流水分成,未到期,1072750,242571,830179,2021-08-24,4,171717.60000000003,17906.71000000002,4476.677500000005,0.097282252390726,0.016692,240,58,182,测算中,2041-08-24,22.0,218,严重,FALSE,2026-06-24
S00942,F0018,学校店,2024-02-24,8,2032-02-22,固定加盟费+流水分成,未到期,2056172,664117,1392055,2024-02-24,4,86722.65,19537.319999999992,4884.329999999998,0.229491012116674,0.009502,421,28,393,测算中,2059-03-24,20.0,401,严重,FALSE,2026-06-24
S01009,F0043,快取店,2024-06-30,8,2032-06-28,固定加盟费+流水分成,未到期,1099864,237363,862501,2024-06-30,4,73910.97,23818.190000000002,5954.547500000001,0.316328044104816,0.021656,185,23,162,测算中,2039-11-30,15.0,170,严重,FALSE,2026-06-24
S01063,F0072,快取店,2021-02-04,5,2026-02-03,流水分成,已退出,959244,229218,730026,2021-02-04,4,126940.8,40841.68,10210.42,0.319018791306415,0.042577,94,64,30,测算中,2028-12-04,15.0,79,严重,FALSE,2026-06-24
S00016,F0008,外卖卫星店,2021-03-31,5,2026-03-30,固定加盟费+流水分成,已退出,904690,277906,626784,2021-03-31,4,45018.15,10276.580000000002,2569.1450000000004,0.225264285466385,0.011359,353,62,291,测算中,2050-08-31,12.0,341,严重,FALSE,2026-06-24
S00043,F0022,商场店,2021-05-30,8,2029-05-28,流水分成,未到期,1105441,264970,840471,2021-05-30,4,117822.51000000002,7419.160000000023,1854.7900000000056,0.065090146160928,0.006711,596,60,536,测算中,2071-01-30,24.0,572,严重,FALSE,2026-06-24
S00274,F0114,写字楼店,2021-02-14,3,2024-02-14,流水分成,已续约,1030851,250777,780074,2021-02-14,4,179640.65000000002,19185.940000000046,4796.4850000000115,0.106309398074528,0.018612,215,64,151,测算中,2039-01-14,22.0,193,严重,FALSE,2026-06-24
S00364,F0016,写字楼店,2021-02-21,3,2024-02-21,流水分成,已退出,1302585,560364,742221,2021-02-21,4,103376.18999999997,19803.979999999967,4950.994999999992,0.187779174959706,0.015204,264,64,200,测算中,2043-02-21,22.0,242,严重,FALSE,2026-06-24
S00448,F0056,社区店,2025-02-28,8,2033-02-26,固定加盟费+流水分成,未到期,1862767,609111,1253656,2025-02-28,4,81400.43000000001,21109.010000000006,5277.252500000001,0.256193933040766,0.011332,353,15,338,测算中,2054-07-28,18.0,335,严重,FALSE,2026-06-24
S00491,F0079,快取店,2024-10-01,3,2027-10-01,固定加盟费+流水分成,未到期,1108374,244612,863762,2024-10-01,4,147666.91999999998,47077.07,11769.2675,0.312376444066228,0.042474,95,20,75,测算中,2032-09-01,15.0,80,严重,FALSE,2026-06-24
S00521,F0095,快取店,2024-03-19,3,2027-03-19,纯固定加盟费,未到期,1129697,412208,717489,2024-03-19,4,135111.75999999995,43979.84999999994,10994.962499999985,0.330705961490637,0.038931,103,27,76,测算中,2032-10-19,15.0,88,严重,FALSE,2026-06-24
S00571,F0121,商场店,2021-09-27,3,2024-09-26,流水分成,已续约,1788686,448398,1340288,2021-09-27,4,156081.6,-2938.959999999981,-734.7399999999952,-0.018472555680485,-0.001643,,56,,当前不可测算,,24.0,,严重,FALSE,2026-06-24
S00741,F0065,学校店,2022-08-04,3,2025-08-03,固定加盟费+流水分成,已续约,885401,382001,503400,2022-08-04,4,72014.19000000002,16707.920000000013,4176.980000000003,0.234069682565089,0.01887,212,46,166,测算中,2040-04-04,20.0,192,严重,FALSE,2026-06-24
S00807,F0098,快取店,2022-05-31,3,2025-05-30,固定加盟费+流水分成,已续约,1749363,451849,1297514,2022-05-31,4,137656.02000000002,36216.87000000001,9054.217500000002,0.262389082581947,0.020703,194,48,146,测算中,2038-07-31,15.0,179,严重,FALSE,2026-06-24
S00824,F0104,写字楼店,2023-08-15,8,2031-08-13,固定加盟费+流水分成,未到期,933493,270111,663382,2023-08-15,4,128270.59000000004,16367.63000000003,4091.9075000000075,0.127430707411787,0.017534,229,34,195,测算中,2042-09-15,22.0,207,严重,FALSE,2026-06-24
S00862,F0124,快取店,2020-12-27,8,2028-12-25,固定加盟费+流水分成,未到期,1152141,298299,853842,2020-12-27,4,49308.100000000006,14465.180000000004,3616.295000000001,0.300918833154594,0.012555,319,65,254,测算中,2047-07-27,15.0,304,严重,FALSE,2026-06-24
S00886,F0134,外卖卫星店,2023-02-14,8,2031-02-12,固定加盟费+流水分成,未到期,1187807,421438,766369,2023-02-14,4,46532.590000000004,9790.580000000005,2447.6450000000013,0.206328105577319,0.008243,486,40,446,测算中,2063-08-14,12.0,474,严重,FALSE,2026-06-24
S00976,F0032,社区店,2021-08-30,8,2029-08-28,流水分成,未到期,1341547,585401,756146,2021-08-30,4,63654.479999999996,17236.579999999994,4309.144999999999,0.276518257630748,0.012848,312,57,255,测算中,2047-08-30,18.0,294,严重,FALSE,2026-06-24
S01043,F0057,商场店,2024-04-19,3,2027-04-19,固定加盟费+流水分成,未到期,737330,219402,517928,2024-04-19,4,54628.48000000001,2078.9800000000114,519.7450000000028,0.046947443652526,0.00282,1419,26,1393,测算中,2142-07-19,24.0,1395,严重,FALSE,2026-06-24
S01138,F0112,写字楼店,2026-01-04,5,2031-01-03,流水分成,未到期,1142622,302888,839734,2026-01-04,3,111298.09999999998,14760.869999999977,4920.289999999993,0.129534263715948,0.012918,233,5,228,测算中,2045-06-04,22.0,211,严重,FALSE,2026-06-24
S01152,F0121,写字楼店,2026-02-13,8,2034-02-11,固定加盟费+流水分成,未到期,1459381,571297,888084,2026-02-13,2,40281.619999999995,6598.139999999998,3299.069999999999,0.154342003757604,0.004521,443,4,439,测算中,2063-01-13,22.0,421,严重,FALSE,2026-06-24
S01176,F0131,快取店,2025-12-31,3,2028-12-30,流水分成,未到期,1181164,391661,789503,2025-12-31,3,85010.42000000001,28640.270000000004,9546.756666666668,0.336056220934876,0.024247,124,5,119,测算中,2036-04-30,15.0,109,严重,FALSE,2026-06-24
S00011,F0006,快取店,2021-09-09,5,2026-09-08,固定加盟费+流水分成,未到期,1033973,554671,479302,2021-09-09,4,67141.86,20940.979999999996,5235.244999999999,0.309834910850351,0.020253,198,57,141,测算中,2038-03-09,15.0,183,严重,FALSE,2026-06-24
S00047,F0023,社区店,2025-04-04,5,2030-04-03,纯固定加盟费,未到期,1476350,281383,1194967,2025-04-04,4,84707.64,21082.00999999999,5270.502499999998,0.255454825754054,0.01428,281,14,267,测算中,2048-09-04,18.0,263,严重,FALSE,2026-06-24
S00057,F0027,商场店,2023-03-21,8,2031-03-19,固定加盟费+流水分成,未到期,739671,263795,475876,2023-03-21,4,96421.98999999999,7667.339999999984,1916.834999999996,0.08054464835783,0.010366,386,39,347,测算中,2055-05-21,24.0,362,严重,FALSE,2026-06-24
S00061,F0029,商场店,2022-10-17,5,2027-10-16,固定加盟费+流水分成,未到期,963831,274305,689526,2022-10-17,4,91956.97,7399.369999999996,1849.842499999999,0.068553155671268,0.007677,522,44,478,测算中,2066-04-17,24.0,498,严重,FALSE,2026-06-24
S00092,F0041,写字楼店,2023-12-03,3,2026-12-02,固定加盟费+流水分成,未到期,1114554,253913,860641,2023-12-03,4,97455.86000000004,13587.610000000032,3396.902500000008,0.127476100811205,0.012191,329,30,299,测算中,2051-05-03,22.0,307,严重,FALSE,2026-06-24
S00204,F0087,快取店,2021-08-05,5,2026-08-04,流水分成,未到期,1641836,319901,1321935,2021-08-05,4,89733.81999999999,26522.399999999994,6630.5999999999985,0.306429825916285,0.016154,248,58,190,测算中,2042-04-05,15.0,233,严重,FALSE,2026-06-24
S00219,F0090,外卖卫星店,2023-06-17,5,2028-06-15,固定加盟费+流水分成,未到期,1103645,265693,837952,2023-06-17,4,93445.06,16853.09,4213.2725,0.183487696330391,0.01527,262,36,226,测算中,2045-04-17,12.0,250,严重,FALSE,2026-06-24
S00389,F0029,快取店,2021-09-13,3,2024-09-12,纯固定加盟费,已续约,1026836,282402,744434,2021-09-13,4,72029.93000000002,23185.660000000018,5796.4150000000045,0.325488490804031,0.02258,178,57,121,测算中,2036-07-13,15.0,163,严重,FALSE,2026-06-24
S00493,F0081,外卖卫星店,2022-06-06,5,2027-06-05,固定加盟费+流水分成,未到期,1215526,557766,657760,2022-06-06,4,35567.409999999996,8796.46,2199.115,0.248635759027434,0.007237,553,48,505,测算中,2068-07-06,12.0,541,严重,FALSE,2026-06-24
S00606,F0138,社区店,2021-01-08,5,2026-01-07,固定加盟费+流水分成,已退出,1087166,409499,677667,2021-01-08,4,53201.399999999994,13206.779999999999,3301.6949999999997,0.25613760689067,0.012148,330,65,265,测算中,2048-07-08,18.0,312,严重,FALSE,2026-06-24
S00663,F0026,交通店,2021-12-27,5,2026-12-26,固定加盟费+流水分成,未到期,1291647,328445,963202,2021-12-27,4,81403.17,-4266.389999999999,-1066.5974999999999,-0.05149643771569,-0.003303,,53,,当前不可测算,,30.0,,严重,FALSE,2026-06-24
S00672,F0030,外卖卫星店,2022-12-30,5,2027-12-29,流水分成,未到期,876682,221832,654850,2022-12-30,4,57758.22,12496.680000000002,3124.1700000000005,0.215136733115863,0.014255,281,41,240,测算中,2046-05-30,12.0,269,严重,FALSE,2026-06-24
S00693,F0043,外卖卫星店,2025-05-10,5,2030-05-09,流水分成,未到期,1286243,304160,982083,2025-05-10,4,87806.51000000001,19235.180000000015,4808.795000000004,0.211342928304233,0.014955,268,13,255,测算中,2047-09-10,12.0,256,严重,FALSE,2026-06-24
S00713,F0052,快取店,2024-08-25,5,2029-08-24,固定加盟费+流水分成,未到期,1165385,389453,775932,2024-08-25,4,126343.39000000001,40254.060000000005,10063.515000000001,0.325085683249807,0.034541,116,21,95,测算中,2034-04-25,15.0,101,严重,FALSE,2026-06-24
S00771,F0080,外卖卫星店,2023-03-20,8,2031-03-18,固定加盟费+流水分成,未到期,1527644,447750,1079894,2023-03-20,4,103715.29,24052.789999999997,6013.197499999999,0.242601693833918,0.015745,255,39,216,测算中,2044-06-20,12.0,243,严重,FALSE,2026-06-24
S00788,F0087,写字楼店,2025-06-24,3,2028-06-23,纯固定加盟费,未到期,1480504,558976,921528,2025-06-24,4,144828.90000000008,20099.43000000008,5024.85750000002,0.137599921073262,0.013576,295,12,283,测算中,2050-01-24,22.0,273,严重,FALSE,2026-06-24
S00866,F0126,商场店,2022-12-17,3,2025-12-16,流水分成,已续约,656546,209217,447329,2022-12-17,4,117732.52000000002,5335.980000000011,1333.9950000000028,0.055870519923977,0.008127,493,42,451,测算中,2064-01-17,24.0,469,严重,FALSE,2026-06-24
S00868,F0127,外卖卫星店,2023-02-05,8,2031-02-03,纯固定加盟费,未到期,1573779,608109,965670,2023-02-05,4,23067.18,5740.249999999996,1435.062499999999,0.247269144584983,0.003647,1097,40,1057,测算中,2114-07-05,12.0,1085,严重,FALSE,2026-06-24
S00939,F0015,夜市店,2022-09-19,5,2027-09-18,固定加盟费+流水分成,未到期,1229866,257908,971958,2022-09-19,4,77310.90000000001,20581.33000000001,5145.332500000002,0.252903316152281,0.016735,240,45,195,测算中,2042-09-19,18.0,222,严重,FALSE,2026-06-24
S00980,F0034,外卖卫星店,2021-03-25,3,2024-03-24,固定加盟费+流水分成,已续约,1660119,616717,1043402,2021-03-25,4,115913.29999999999,21349.43,5337.3575,0.175497806905746,0.01286,312,62,250,测算中,2047-03-25,12.0,300,严重,FALSE,2026-06-24
S00989,F0039,快取店,2022-05-31,3,2025-05-30,流水分成,已退出,1704071,619691,1084380,2022-05-31,4,83791.77999999998,28104.24999999998,7026.062499999995,0.326006579289266,0.016492,243,48,195,测算中,2042-08-31,15.0,228,严重,FALSE,2026-06-24
S01055,F0064,写字楼店,2023-12-20,3,2026-12-19,纯固定加盟费,未到期,1308477,578241,730236,2023-12-20,4,129718.28999999998,20979.89999999998,5244.974999999995,0.153979884681973,0.016034,250,30,220,测算中,2044-10-20,22.0,228,严重,FALSE,2026-06-24
S01112,F0098,社区店,2024-10-28,8,2032-10-26,固定加盟费+流水分成,未到期,1193163,311137,882026,2024-10-28,4,111547.44,23243.230000000007,5810.807500000002,0.211264887109831,0.01948,206,19,187,测算中,2041-12-28,18.0,188,严重,FALSE,2026-06-24
S01134,F0108,学校店,2026-02-02,3,2029-02-01,纯固定加盟费,未到期,928212,225634,702578,2026-02-02,2,18603.59,3473.5399999999995,1736.7699999999998,0.199162417293066,0.003742,535,4,531,测算中,2070-09-02,20.0,515,严重,FALSE,2026-06-24
S01151,F0120,快取店,2026-01-06,3,2029-01-05,固定加盟费+流水分成,未到期,1303516,567760,735756,2026-01-06,4,77335.54000000001,22698.940000000013,5674.735000000003,0.299918610695168,0.017414,230,5,225,测算中,2045-03-06,15.0,215,严重,FALSE,2026-06-24
S01180,F0134,社区店,2025-12-17,5,2030-12-16,流水分成,未到期,956165,398241,557924,2025-12-17,3,53474.15,12714.05,4238.016666666666,0.241041155020732,0.013297,226,6,220,测算中,2044-10-17,18.0,208,严重,FALSE,2026-06-24
S00133,F0059,学校店,2023-03-15,5,2028-03-13,固定加盟费+流水分成,未到期,915299,239208,676091,2023-03-15,4,112675.03999999998,25966.169999999987,6491.542499999997,0.24841636300787,0.028369,141,39,102,测算中,2034-12-15,20.0,121,严重,FALSE,2026-06-24
S00181,F0077,外卖卫星店,2024-08-08,3,2027-08-08,固定加盟费+流水分成,未到期,1420353,438594,981759,2024-08-08,4,58856.619999999995,13249.309999999998,3312.3274999999994,0.222574879219745,0.009328,429,22,407,测算中,2060-05-08,12.0,417,严重,FALSE,2026-06-24
S00237,F0094,社区店,2021-11-29,8,2029-11-27,固定加盟费+流水分成,未到期,1244998,391793,853205,2021-11-29,4,107139.55,23642.660000000007,5910.665000000002,0.218226211587804,0.01899,211,54,157,测算中,2039-06-29,18.0,193,严重,FALSE,2026-06-24
S00269,F0112,写字楼店,2022-06-19,8,2030-06-17,流水分成,未到期,1268729,563737,704992,2022-06-19,4,168860.40999999997,22628.63999999996,5657.15999999999,0.122521630547574,0.017836,225,48,177,测算中,2041-03-19,22.0,203,严重,FALSE,2026-06-24
S00429,F0049,快取店,2024-04-06,8,2032-04-04,固定加盟费+流水分成,未到期,895533,218722,676811,2024-04-06,4,78593.20999999999,25180.379999999997,6295.094999999999,0.328906634050873,0.028118,143,26,117,测算中,2036-03-06,15.0,128,严重,FALSE,2026-06-24
S00592,F0131,写字楼店,2025-03-09,3,2028-03-08,固定加盟费+流水分成,未到期,1327290,416702,910588,2025-03-09,4,140231.75000000003,21965.970000000027,5491.492500000007,0.167913330665851,0.016549,242,15,227,测算中,2045-05-09,22.0,220,严重,FALSE,2026-06-24
S00658,F0025,快取店,2023-05-17,3,2026-05-16,纯固定加盟费,已续约,1663133,339734,1323399,2023-05-17,4,106917.72,35730.21,8932.5525,0.33098264053982,0.021484,187,37,150,测算中,2038-12-17,15.0,172,严重,FALSE,2026-06-24
S00760,F0076,夜市店,2022-07-11,5,2027-07-10,固定加盟费+流水分成,未到期,1311903,318465,993438,2022-07-11,4,101219.4,23440.319999999996,5860.079999999999,0.221551413612589,0.017867,224,47,177,测算中,2041-03-11,18.0,206,严重,FALSE,2026-06-24
S00863,F0125,快取店,2022-11-11,8,2030-11-09,固定加盟费+流水分成,未到期,1624664,597461,1027203,2022-11-11,4,53195.09999999999,16383.939999999988,4095.984999999997,0.320824909848857,0.010085,397,43,354,测算中,2055-12-11,15.0,382,严重,FALSE,2026-06-24
S00925,F0007,写字楼店,2023-12-25,8,2031-12-23,固定加盟费+流水分成,未到期,1565982,338561,1227421,2023-12-25,4,101789.50999999998,16459.97999999998,4114.994999999995,0.165323360396524,0.010511,381,29,352,测算中,2055-09-25,22.0,359,严重,FALSE,2026-06-24
S00932,F0011,快取店,2023-02-04,8,2031-02-02,流水分成,未到期,974078,302218,671860,2023-02-04,4,91335.21,27863.230000000003,6965.807500000001,0.291608297056064,0.028605,140,40,100,测算中,2034-10-04,15.0,125,严重,FALSE,2026-06-24
S01024,F0048,写字楼店,2024-08-21,8,2032-08-19,流水分成,未到期,1405684,320518,1085166,2024-08-21,4,134462.72999999998,20174.66,5043.665,0.160853712304249,0.014352,279,22,257,测算中,2047-11-21,22.0,257,严重,FALSE,2026-06-24
S01083,F0084,写字楼店,2021-10-05,3,2024-10-04,固定加盟费+流水分成,已退出,1121229,566739,554490,2021-10-05,4,137402.22999999998,15291.00999999999,3822.7524999999973,0.121034892376453,0.013638,294,56,238,测算中,2046-04-05,22.0,272,严重,FALSE,2026-06-24
S01168,F0127,社区店,2026-01-09,5,2031-01-08,纯固定加盟费,未到期,838397,383958,454439,2026-01-09,3,42961.899999999994,9750.389999999992,3250.1299999999974,0.201418274123569,0.01163,258,5,253,测算中,2047-07-09,18.0,240,严重,FALSE,2026-06-24
S01183,F0135,写字楼店,2026-01-15,3,2029-01-14,固定加盟费+流水分成,未到期,1149246,315253,833993,2026-01-15,2,37493.96,3647.009999999999,1823.5049999999994,0.099238501025969,0.003173,631,5,626,测算中,2078-08-15,22.0,609,严重,FALSE,2026-06-24
S00019,F0010,快取店,2023-11-10,5,2028-11-08,固定加盟费+流水分成,未到期,1209054,551232,657822,2023-11-10,4,73666.65,22706.67,5676.6675,0.304184743159937,0.018781,213,31,182,测算中,2041-08-10,15.0,198,严重,FALSE,2026-06-24
S00051,F0025,快取店,2023-09-21,3,2026-09-20,流水分成,未到期,708760,254597,454163,2023-09-21,4,140840.34,45441.07000000002,11360.267500000005,0.31067255607645,0.064113,63,33,30,测算中,2028-12-21,15.0,48,严重,FALSE,2026-06-24
S00119,F0053,快取店,2023-10-25,8,2031-10-23,固定加盟费+流水分成,未到期,1229239,269988,959251,2023-10-25,4,71877.98999999999,20038.499999999996,5009.624999999999,0.289133913806439,0.016302,246,31,215,测算中,2044-04-25,15.0,231,严重,FALSE,2026-06-24
S00235,F0093,学校店,2021-03-04,8,2029-03-02,固定加盟费+流水分成,未到期,1310622,310263,1000359,2021-03-04,4,125679.99,27794.990000000013,6948.747500000003,0.228774058557456,0.021207,189,63,126,测算中,2036-12-04,20.0,169,严重,FALSE,2026-06-24
S00309,F0130,外卖卫星店,2024-04-06,5,2029-04-05,纯固定加盟费,未到期,1170821,237196,933625,2024-04-06,4,68794.04,13032.550000000001,3258.1375000000003,0.196127440651979,0.011131,360,26,334,测算中,2054-04-06,12.0,348,严重,FALSE,2026-06-24
S00344,F0009,写字楼店,2022-12-07,5,2027-12-06,固定加盟费+流水分成,未到期,1612819,574112,1038707,2022-12-07,4,105206.48000000001,15028.520000000006,3757.1300000000015,0.143320587784864,0.009318,430,42,388,测算中,2058-10-07,22.0,408,严重,FALSE,2026-06-24
S00380,F0023,写字楼店,2024-11-08,8,2032-11-06,固定加盟费+流水分成,未到期,1981761,651794,1329967,2024-11-08,4,120223.01,16386.099999999995,4096.524999999999,0.135319822449649,0.008268,484,19,465,测算中,2065-03-08,22.0,462,严重,FALSE,2026-06-24
S00406,F0038,快取店,2023-02-02,8,2031-01-31,固定加盟费+流水分成,未到期,1638270,323372,1314898,2023-02-02,4,66528.12999999999,20430.0,5107.5,0.297781538499284,0.01247,321,40,281,测算中,2049-11-02,15.0,306,严重,FALSE,2026-06-24
S00447,F0055,快取店,2025-02-23,3,2028-02-23,流水分成,未到期,1293804,330410,963394,2025-02-23,4,59857.28,17597.589999999997,4399.397499999999,0.289980850892992,0.013601,295,16,279,测算中,2049-09-23,15.0,280,严重,FALSE,2026-06-24
S00527,F0097,社区店,2021-03-03,8,2029-03-01,纯固定加盟费,未到期,976358,222463,753895,2021-03-03,4,66823.76,16967.33,4241.8325,0.24211188343179,0.017378,231,63,168,测算中,2040-06-03,18.0,213,严重,FALSE,2026-06-24
S00561,F0117,外卖卫星店,2023-09-09,3,2026-09-08,固定加盟费+流水分成,未到期,1539752,439501,1100251,2023-09-09,4,63087.81,12906.219999999998,3226.5549999999994,0.225269237834274,0.008382,478,33,445,测算中,2063-07-09,12.0,466,严重,FALSE,2026-06-24
S00637,F0014,快取店,2024-07-21,5,2029-07-20,流水分成,未到期,1192529,324739,867790,2024-07-21,4,67542.55,23620.119999999995,5905.029999999999,0.357143493024084,0.019807,202,23,179,测算中,2041-05-21,15.0,187,严重,FALSE,2026-06-24
S00700,F0047,学校店,2022-12-19,8,2030-12-17,固定加盟费+流水分成,未到期,1399958,280347,1119611,2022-12-19,4,83987.29000000001,16518.940000000002,4129.735000000001,0.193776281411883,0.0118,339,42,297,测算中,2051-03-19,20.0,319,严重,FALSE,2026-06-24
S00714,F0053,外卖卫星店,2024-03-09,8,2032-03-07,固定加盟费+流水分成,未到期,1654740,452340,1202400,2024-03-09,4,77774.38,16244.460000000003,4061.1150000000007,0.211156395938076,0.009817,408,27,381,测算中,2058-03-09,12.0,396,严重,FALSE,2026-06-24
S00735,F0061,社区店,2021-03-22,5,2026-03-21,固定加盟费+流水分成,已退出,1448137,415702,1032435,2021-03-22,4,65485.759999999995,14911.209999999994,3727.8024999999984,0.226836141904113,0.010297,389,63,326,测算中,2053-08-22,18.0,371,严重,FALSE,2026-06-24
S00831,F0108,商场店,2021-04-27,5,2026-04-26,纯固定加盟费,已续约,1046532,290739,755793,2021-04-27,4,163296.45999999996,4775.539999999978,1193.8849999999945,0.015699492414577,0.004563,877,61,816,测算中,2094-05-27,24.0,853,严重,FALSE,2026-06-24
S00880,F0132,写字楼店,2021-12-02,5,2026-12-01,流水分成,未到期,1001308,249825,751483,2021-12-02,4,166346.44000000003,14898.530000000012,3724.632500000003,0.098100660676677,0.014879,269,54,215,测算中,2044-05-02,22.0,247,严重,FALSE,2026-06-24
S00965,F0026,交通店,2023-11-28,5,2028-11-26,纯固定加盟费,未到期,1217006,545379,671627,2023-11-28,4,95976.29,2043.7999999999965,510.94999999999914,0.014518919801726,0.001679,2382,30,2352,测算中,2222-05-28,30.0,2352,严重,FALSE,2026-06-24
S00967,F0028,写字楼店,2022-10-19,5,2027-10-18,固定加盟费+流水分成,未到期,857538,233422,624116,2022-10-19,4,130287.94,18190.090000000007,4547.522500000002,0.148494375984669,0.021212,189,44,145,测算中,2038-07-19,22.0,167,严重,FALSE,2026-06-24
S00971,F0030,写字楼店,2025-05-20,3,2028-05-19,纯固定加盟费,未到期,1117885,535211,582674,2025-05-20,4,88778.71999999999,12597.699999999986,3149.4249999999965,0.149771800792984,0.011269,355,13,342,测算中,2054-12-20,22.0,333,严重,FALSE,2026-06-24
S01005,F0042,商场店,2024-01-23,3,2027-01-22,固定加盟费+流水分成,未到期,955473,272652,682821,2024-01-23,4,149671.15,4640.720000000004,1160.180000000001,0.024000054042413,0.004857,824,29,795,测算中,2092-09-23,24.0,800,严重,FALSE,2026-06-24
S01085,F0086,商场店,2023-04-17,8,2031-04-15,纯固定加盟费,未到期,947903,296150,651753,2023-04-17,4,138538.55000000005,-7706.539999999955,-1926.6349999999888,-0.05346280827718,-0.00813,,38,,当前不可测算,,24.0,,严重,FALSE,2026-06-24
S01105,F0093,快取店,2023-10-16,3,2026-10-15,固定加盟费+流水分成,未到期,973915,242910,731005,2023-10-16,4,35629.74,12440.009999999997,3110.002499999999,0.335242272587212,0.012773,314,32,282,测算中,2049-12-16,15.0,299,严重,FALSE,2026-06-24
S00113,F0050,快取店,2023-09-27,5,2028-09-25,固定加盟费+流水分成,未到期,758031,215959,542072,2023-09-27,4,91254.1,28184.860000000008,7046.215000000002,0.303475229699331,0.037182,108,32,76,测算中,2032-09-27,15.0,93,严重,FALSE,2026-06-24
S00128,F0057,商场店,2021-08-29,5,2026-08-28,流水分成,未到期,1722599,583116,1139483,2021-08-29,4,126683.70000000001,3963.76,990.94,0.02968520936602,0.002301,1739,57,1682,测算中,2166-07-29,24.0,1715,严重,FALSE,2026-06-24
S00135,F0060,快取店,2025-04-03,8,2033-04-01,流水分成,未到期,1458099,597902,860197,2025-04-03,4,83912.20999999998,26080.079999999987,6520.019999999997,0.321945397331894,0.017886,224,14,210,测算中,2043-12-03,15.0,209,严重,FALSE,2026-06-24
S00168,F0071,外卖卫星店,2023-04-23,3,2026-04-22,固定加盟费+流水分成,已续约,1650193,592745,1057448,2023-04-23,4,117137.83,25091.110000000004,6272.777500000001,0.217607632457494,0.015205,264,38,226,测算中,2045-04-23,12.0,252,严重,FALSE,2026-06-24
S00190,F0079,社区店,2023-12-02,8,2031-11-30,固定加盟费+流水分成,未到期,1236465,556600,679865,2023-12-02,4,88034.41999999998,22576.989999999994,5644.247499999999,0.247731230050629,0.018259,220,30,190,测算中,2042-04-02,18.0,202,严重,FALSE,2026-06-24
S00242,F0098,写字楼店,2022-08-01,8,2030-07-30,固定加盟费+流水分成,未到期,1154727,391344,763383,2022-08-01,4,131253.50000000003,18081.050000000017,4520.262500000004,0.137599137638738,0.015658,256,46,210,测算中,2043-12-01,22.0,234,严重,FALSE,2026-06-24
S00295,F0122,外卖卫星店,2022-11-15,5,2027-11-14,固定加盟费+流水分成,未到期,1522484,435231,1087253,2022-11-15,4,81495.35999999997,18049.169999999976,4512.292499999994,0.222944936181406,0.011855,338,43,295,测算中,2051-01-15,12.0,326,严重,FALSE,2026-06-24
S00303,F0127,学校店,2023-03-24,3,2026-03-23,固定加盟费+流水分成,已退出,1313905,278123,1035782,2023-03-24,4,93257.82999999999,23743.61,5935.9025,0.250907039902713,0.018071,222,39,183,测算中,2041-09-24,20.0,202,严重,FALSE,2026-06-24
S00313,F0133,外卖卫星店,2022-10-29,3,2025-10-28,固定加盟费+流水分成,已续约,1088673,248148,840525,2022-10-29,4,81956.93000000001,18720.920000000002,4680.2300000000005,0.227468238346254,0.017196,233,43,190,测算中,2042-03-29,12.0,221,严重,FALSE,2026-06-24
S00341,F0007,商场店,2023-10-11,5,2028-10-09,固定加盟费+流水分成,未到期,1096157,240121,856036,2023-10-11,4,119229.79999999997,9501.219999999976,2375.304999999994,0.086047475927363,0.008668,462,32,430,测算中,2062-04-11,24.0,438,严重,FALSE,2026-06-24
S00376,F0022,外卖卫星店,2022-12-27,8,2030-12-25,纯固定加盟费,未到期,1008119,283495,724624,2022-12-27,4,35900.73,9021.970000000005,2255.492500000001,0.255132457127584,0.008949,447,41,406,测算中,2060-03-27,12.0,435,严重,FALSE,2026-06-24
S00492,F0080,快取店,2021-12-26,3,2024-12-25,固定加盟费+流水分成,已续约,1126688,268047,858641,2021-12-26,4,54077.509999999995,15481.069999999992,3870.267499999998,0.285645696975639,0.01374,292,53,239,测算中,2046-04-26,15.0,277,严重,FALSE,2026-06-24
S00569,F0119,学校店,2022-02-12,3,2025-02-11,流水分成,已续约,936381,388508,547873,2022-02-12,4,48143.38,11011.329999999998,2752.8324999999995,0.224834332098573,0.011759,341,52,289,测算中,2050-07-12,20.0,321,严重,FALSE,2026-06-24
S00611,F0140,商场店,2022-12-26,3,2025-12-25,固定加盟费+流水分成,已退出,1400503,414046,986457,2022-12-26,4,90417.58,8866.570000000003,2216.642500000001,0.084579144665404,0.006331,632,41,591,测算中,2075-08-26,24.0,608,严重,FALSE,2026-06-24
S00614,F0141,快取店,2023-05-24,3,2026-05-23,固定加盟费+流水分成,未到期,1160646,389074,771572,2023-05-24,4,123298.62999999998,38447.979999999974,9611.994999999994,0.313256494674595,0.033126,121,37,84,测算中,2033-06-24,15.0,106,严重,FALSE,2026-06-24
S00622,F0006,外卖卫星店,2024-09-08,5,2029-09-07,流水分成,未到期,1925601,610265,1315336,2024-09-08,4,42659.71,7977.579999999997,1994.3949999999993,0.187384669840933,0.004143,966,21,945,测算中,2105-03-08,12.0,954,严重,FALSE,2026-06-24
S00636,F0013,外卖卫星店,2021-08-08,5,2026-08-07,流水分成,未到期,867831,221299,646532,2021-08-08,4,80170.13999999998,18391.04999999999,4597.762499999997,0.231401803494215,0.021192,189,58,131,测算中,2037-05-08,12.0,177,严重,FALSE,2026-06-24
S00640,F0016,写字楼店,2023-03-29,5,2028-03-27,纯固定加盟费,未到期,967029,245685,721344,2023-03-29,4,175646.45999999996,20419.249999999956,5104.812499999989,0.127389710888405,0.021115,190,38,152,测算中,2039-01-29,22.0,168,严重,FALSE,2026-06-24
S00709,F0050,商场店,2023-06-10,5,2028-06-08,纯固定加盟费,未到期,809235,263746,545489,2023-06-10,4,108167.28,6921.359999999991,1730.3399999999976,0.060316695693795,0.008553,468,36,432,测算中,2062-06-10,24.0,444,严重,FALSE,2026-06-24
S00811,F0099,商场店,2022-10-21,8,2030-10-19,固定加盟费+流水分成,未到期,878590,214795,663795,2022-10-21,4,115726.66000000002,8844.920000000016,2211.230000000004,0.08417323578102,0.010067,398,44,354,测算中,2055-12-21,24.0,374,严重,FALSE,2026-06-24
S00984,F0037,写字楼店,2024-01-01,8,2031-12-30,固定加盟费+流水分成,未到期,1581451,286926,1294525,2024-01-01,4,98024.51000000001,14064.69,3516.1725,0.135804806219264,0.008894,450,29,421,测算中,2061-07-01,22.0,428,严重,FALSE,2026-06-24
S01010,F0044,外卖卫星店,2024-10-18,8,2032-10-16,固定加盟费+流水分成,未到期,1016155,284964,731191,2024-10-18,4,94618.93,23492.999999999993,5873.249999999998,0.239403401704592,0.02312,174,20,154,测算中,2039-04-18,12.0,162,严重,FALSE,2026-06-24
S01032,F0052,社区店,2021-05-24,8,2029-05-22,固定加盟费+流水分成,未到期,1011208,237612,773596,2021-05-24,4,59116.71000000001,14396.450000000004,3599.112500000001,0.255661087076028,0.014237,281,61,220,测算中,2044-10-24,18.0,263,严重,FALSE,2026-06-24
S01034,F0053,学校店,2022-01-05,8,2030-01-03,流水分成,未到期,1340120,591663,748457,2022-01-05,4,110177.78,23228.420000000013,5807.105000000003,0.209259872610884,0.017333,231,53,178,测算中,2041-04-05,20.0,211,严重,FALSE,2026-06-24
S01061,F0070,社区店,2025-02-26,8,2033-02-24,固定加盟费+流水分成,未到期,1036844,540194,496650,2025-02-26,4,76698.01000000001,17282.040000000008,4320.510000000002,0.222572726737594,0.016668,240,15,225,测算中,2045-02-26,18.0,222,严重,FALSE,2026-06-24
S01066,F0074,快取店,2024-07-27,3,2027-07-27,固定加盟费+流水分成,未到期,1182429,293663,888766,2024-07-27,4,69514.68000000001,20295.770000000004,5073.942500000001,0.288913883726028,0.017164,234,22,212,测算中,2044-01-27,15.0,219,严重,FALSE,2026-06-24
S01197,F0001,写字楼店,2026-01-28,5,2031-01-27,固定加盟费+流水分成,未到期,1055258,311305,743953,2026-01-28,3,52719.36999999999,8693.139999999994,2897.7133333333313,0.174777286166246,0.008238,365,4,361,测算中,2056-06-28,22.0,343,严重,FALSE,2026-06-24
S00062,F0030,外卖卫星店,2022-03-15,3,2025-03-14,固定加盟费+流水分成,已退出,1455855,283258,1172597,2022-03-15,4,53675.23000000001,12182.510000000007,3045.627500000002,0.224625381538466,0.008368,479,51,428,测算中,2062-02-15,12.0,467,严重,FALSE,2026-06-24
S00159,F0068,外卖卫星店,2023-12-18,3,2026-12-17,固定加盟费+流水分成,未到期,1063352,407583,655769,2023-12-18,4,63470.41,13861.58,3465.395,0.218446752968793,0.013036,307,30,277,测算中,2049-07-18,12.0,295,严重,FALSE,2026-06-24
S00238,F0095,快取店,2021-12-03,5,2026-12-02,固定加盟费+流水分成,未到期,1300775,558842,741933,2021-12-03,4,100201.74,27823.74,6955.935,0.279894536014891,0.02139,188,54,134,测算中,2037-08-03,15.0,173,严重,FALSE,2026-06-24
S00245,F0100,快取店,2023-01-28,3,2026-01-27,固定加盟费+流水分成,已退出,1250190,261841,988349,2023-01-28,4,66504.34999999999,20819.43999999999,5204.859999999998,0.310397753203459,0.016653,241,40,201,测算中,2043-02-28,15.0,226,严重,FALSE,2026-06-24
S00302,F0126,商场店,2022-07-22,3,2025-07-21,流水分成,已退出,1098346,548092,550254,2022-07-22,4,114379.01999999999,5686.139999999991,1421.5349999999978,0.062899884013007,0.005177,773,47,726,测算中,2086-12-22,24.0,749,严重,FALSE,2026-06-24
S00369,F0019,交通店,2025-07-14,3,2028-07-13,流水分成,未到期,821310,221520,599790,2025-07-14,4,144839.30999999997,-14404.520000000033,-3601.1300000000083,-0.088715534615037,-0.017538,,11,,当前不可测算,,30.0,,严重,FALSE,2026-06-24
S00453,F0057,学校店,2024-01-28,3,2027-01-27,固定加盟费+流水分成,未到期,1256208,549370,706838,2024-01-28,4,63659.34999999999,13312.129999999994,3328.0324999999984,0.209404715803512,0.010597,378,28,350,测算中,2055-07-28,20.0,358,严重,FALSE,2026-06-24
S00517,F0092,快取店,2022-09-18,3,2025-09-17,固定加盟费+流水分成,已续约,1300572,564030,736542,2022-09-18,4,76756.44,23540.450000000004,5885.112500000001,0.298861320975911,0.0181,221,45,176,测算中,2041-02-18,15.0,206,严重,FALSE,2026-06-24
S00536,F0104,学校店,2023-07-18,3,2026-07-17,纯固定加盟费,未到期,1312112,262546,1049566,2023-07-18,4,91471.78000000001,18252.030000000002,4563.007500000001,0.193843678396171,0.01391,288,35,253,测算中,2047-07-18,20.0,268,严重,FALSE,2026-06-24
S00540,F0105,外卖卫星店,2023-07-01,8,2031-06-29,流水分成,未到期,958511,228601,729910,2023-07-01,4,38800.590000000004,8288.01,2072.0025,0.210561452697352,0.008647,463,35,428,测算中,2062-02-01,12.0,451,严重,FALSE,2026-06-24
S00548,F0111,外卖卫星店,2021-09-18,3,2024-09-17,纯固定加盟费,已续约,1014076,245507,768569,2021-09-18,4,65868.15,14991.099999999999,3747.7749999999996,0.220190090121947,0.014783,271,57,214,测算中,2044-04-18,12.0,259,严重,FALSE,2026-06-24
S00615,F0001,商场店,2022-11-15,3,2025-11-14,固定加盟费+流水分成,已退出,1160304,423046,737258,2022-11-15,4,80682.95,2162.2199999999975,540.5549999999994,0.029039932256087,0.001863,2147,43,2104,测算中,2201-10-15,24.0,2123,严重,FALSE,2026-06-24
S00683,F0036,写字楼店,2022-01-29,5,2027-01-28,纯固定加盟费,未到期,816275,269709,546566,2022-01-29,4,184351.86999999997,18799.289999999968,4699.822499999992,0.113627304384147,0.023031,174,52,122,测算中,2036-07-29,22.0,152,严重,FALSE,2026-06-24
S00689,F0040,写字楼店,2021-07-30,5,2026-07-29,流水分成,未到期,859552,215591,643961,2021-07-30,4,68856.86000000002,12081.830000000005,3020.4575000000013,0.169173980048548,0.014056,285,58,227,测算中,2045-04-30,22.0,263,严重,FALSE,2026-06-24
S00747,F0069,写字楼店,2021-12-17,8,2029-12-15,流水分成,未到期,850150,233352,616798,2021-12-17,4,69257.56999999998,9884.389999999989,2471.097499999997,0.138976929616776,0.011627,345,54,291,测算中,2050-09-17,22.0,323,严重,FALSE,2026-06-24
S00750,F0071,写字楼店,2021-06-16,8,2029-06-14,固定加盟费+流水分成,未到期,1039019,546664,492355,2021-06-16,4,81681.75999999998,11200.729999999992,2800.182499999998,0.137208320249994,0.01078,372,60,312,测算中,2052-06-16,22.0,350,严重,FALSE,2026-06-24
S00850,F0117,商场店,2021-05-11,8,2029-05-09,固定加盟费+流水分成,未到期,1110692,562089,548603,2021-05-11,4,128994.87999999998,7472.4699999999775,1868.1174999999944,0.055528354628072,0.006728,595,61,534,测算中,2070-12-11,24.0,571,严重,FALSE,2026-06-24
S01018,F0046,外卖卫星店,2024-03-23,5,2029-03-22,固定加盟费+流水分成,未到期,944373,296467,647906,2024-03-23,4,47785.81999999999,11000.509999999997,2750.127499999999,0.238100340314512,0.011648,344,27,317,测算中,2052-11-23,12.0,332,严重,FALSE,2026-06-24
S01031,F0051,社区店,2023-08-12,3,2026-08-11,固定加盟费+流水分成,未到期,1598223,586360,1011863,2023-08-12,4,42660.810000000005,10912.250000000005,2728.0625000000014,0.263757879171167,0.006828,586,34,552,测算中,2072-06-12,18.0,568,严重,FALSE,2026-06-24
S01075,F0080,写字楼店,2024-06-03,8,2032-06-01,固定加盟费+流水分成,未到期,1074356,279812,794544,2024-06-03,4,100770.62,13893.169999999986,3473.2924999999964,0.130866751496318,0.012932,310,24,286,测算中,2050-04-03,22.0,288,严重,FALSE,2026-06-24
S01189,F0139,快取店,2026-03-07,8,2034-03-05,纯固定加盟费,未到期,1120985,250421,870564,2026-03-07,1,6836.52,2120.4600000000005,2120.4600000000005,0.310166575977252,0.001892,529,3,526,测算中,2070-04-07,15.0,514,严重,FALSE,2026-06-24
S00002,F0002,快取店,2021-05-30,3,2024-05-29,流水分成,已退出,1621095,319147,1301948,2021-05-30,4,135013.45999999996,38926.059999999954,9731.514999999989,0.289827113570262,0.024012,167,60,107,测算中,2035-04-30,15.0,152,严重,FALSE,2026-06-24
S00029,F0015,商场店,2021-11-23,8,2029-11-21,固定加盟费+流水分成,未到期,1382943,412458,970485,2021-11-23,4,126532.59000000001,6831.610000000033,1707.9025000000083,0.06096689699334,0.00494,810,55,755,测算中,2089-05-23,24.0,786,严重,FALSE,2026-06-24
S00086,F0037,外卖卫星店,2023-09-18,8,2031-09-16,流水分成,未到期,872056,223557,648499,2023-09-18,4,59797.75,12529.99,3132.4975,0.208182748147691,0.014368,279,33,246,测算中,2046-12-18,12.0,267,严重,FALSE,2026-06-24
S00149,F0066,社区店,2025-05-20,5,2030-05-19,固定加盟费+流水分成,未到期,1199593,422582,777011,2025-05-20,4,107980.83999999997,23646.479999999967,5911.619999999992,0.223198196531679,0.019712,203,13,190,测算中,2042-04-20,18.0,185,严重,FALSE,2026-06-24
S00366,F0017,学校店,2022-12-11,3,2025-12-10,纯固定加盟费,已退出,1481796,352501,1129295,2022-12-11,4,139309.86000000002,29468.84000000002,7367.210000000005,0.21957505868279,0.019887,202,42,160,测算中,2039-10-11,20.0,182,严重,FALSE,2026-06-24
S00367,F0018,学校店,2024-11-01,3,2027-11-01,固定加盟费+流水分成,未到期,1403604,318863,1084741,2024-11-01,4,93807.43,22937.340000000007,5734.335000000002,0.234113341733048,0.016342,245,19,226,测算中,2045-04-01,20.0,225,严重,FALSE,2026-06-24
S00443,F0054,社区店,2023-04-15,8,2031-04-13,固定加盟费+流水分成,未到期,1283966,579551,704415,2023-04-15,4,60595.36,15314.980000000001,3828.7450000000003,0.239478749212733,0.011928,336,38,298,测算中,2051-04-15,18.0,318,严重,FALSE,2026-06-24
S00558,F0116,社区店,2025-05-22,8,2033-05-20,固定加盟费+流水分成,未到期,1640670,605594,1035076,2025-05-22,4,86200.44000000002,22824.740000000013,5706.185000000003,0.256848080376439,0.013912,288,13,275,测算中,2049-05-22,18.0,270,严重,FALSE,2026-06-24
S00596,F0134,社区店,2025-04-14,8,2033-04-12,固定加盟费+流水分成,未到期,1374575,412750,961825,2025-04-14,4,62530.19,17063.510000000002,4265.8775000000005,0.267104470562632,0.012414,323,14,309,测算中,2052-03-14,18.0,305,严重,FALSE,2026-06-24
S00625,F0009,外卖卫星店,2021-08-20,5,2026-08-19,流水分成,未到期,1197878,399354,798524,2021-08-20,4,65163.89000000001,15517.820000000012,3879.455000000003,0.241670318562768,0.012954,309,58,251,测算中,2047-05-20,12.0,297,严重,FALSE,2026-06-24
S00669,F0028,写字楼店,2023-09-19,5,2028-09-17,固定加盟费+流水分成,未到期,875239,216905,658334,2023-09-19,4,90287.38,14004.879999999994,3501.2199999999984,0.151462503539502,0.016001,250,33,217,测算中,2044-07-19,22.0,228,严重,FALSE,2026-06-24
S00723,F0057,外卖卫星店,2021-07-08,8,2029-07-06,流水分成,未到期,1037898,282124,755774,2021-07-08,4,93137.97,17436.38999999999,4359.097499999997,0.185723344406664,0.0168,239,59,180,测算中,2041-06-08,12.0,227,严重,FALSE,2026-06-24
S00748,F0070,写字楼店,2023-07-20,5,2028-07-18,固定加盟费+流水分成,未到期,787081,278810,508271,2023-07-20,4,120682.56999999996,22355.769999999968,5588.942499999992,0.178830344602592,0.028403,141,35,106,测算中,2035-04-20,22.0,119,严重,FALSE,2026-06-24
